type,comuna,descripcion,report_rating,location_x,location_y
JAM,N/A,Alerta de tipo JAM reportada por N/A,2,-70.720662,-33.373643
JAM,N/A,Alerta de tipo JAM reportada por N/A,3,-70.767491,-33.392519
JAM,Quilicura,Alerta de tipo JAM reportada por Yasnaroses,2,-70.702002,-33.364601
JAM,Quilicura,Alerta de tipo JAM reportada por N/A,1,-70.699357,-33.368874
JAM,Quilicura,Alerta de tipo JAM reportada por N/A,1,-70.734268,-33.37071
JAM,N/A,Alerta de tipo JAM reportada por carabineros1,0,-70.775412,-33.399186
JAM,Pudahuel,Alerta de tipo JAM reportada por Gabroh1speedy,4,-70.780535,-33.403354
JAM,N/A,Alerta de tipo JAM reportada por jagoncor,5,-70.701505,-33.365851
HAZARD,Quilicura,Alerta de tipo HAZARD reportada por N/A,2,-70.706278,-33.372
HAZARD,N/A,Alerta de tipo HAZARD reportada por N/A,2,-70.821261,-33.350482
ACCIDENT,N/A,Alerta de tipo ACCIDENT reportada por N/A,0,-70.753541,-33.380766
JAM,N/A,Alerta de tipo JAM reportada por rvharpe,4,-70.721284,-33.373568
HAZARD,N/A,Alerta de tipo HAZARD reportada por N/A,0,-70.765809,-33.391121
JAM,Quilicura,Alerta de tipo JAM reportada por abraham_mella,3,-70.720536,-33.357307
JAM,Quilicura,Alerta de tipo JAM reportada por FabricioGajardo,3,-70.739371,-33.371749
JAM,N/A,Alerta de tipo JAM reportada por MANC1LOKO,3,-70.699513,-33.368094
JAM,N/A,Alerta de tipo JAM reportada por N/A,0,-70.700811,-33.365231
JAM,N/A,Alerta de tipo JAM reportada por N/A,0,-70.800251,-33.364153
JAM,Quilicura,Alerta de tipo JAM reportada por N/A,1,-70.703168,-33.360528
ACCIDENT,Renca,Alerta de tipo ACCIDENT reportada por N/A,0,-70.756378,-33.388689
JAM,Quilicura,Alerta de tipo JAM reportada por abraham_mella,3,-70.71891,-33.357118
JAM,Quilicura,Alerta de tipo JAM reportada por N/A,1,-70.73158,-33.368561
HAZARD,Renca,Alerta de tipo HAZARD reportada por BebeCaulimon,3,-70.693411,-33.384923
JAM,N/A,Alerta de tipo JAM reportada por EAraujoSpeedy,1,-70.696044,-33.37583
HAZARD,Renca,Alerta de tipo HAZARD reportada por N/A,3,-70.752215,-33.385649
JAM,Quilicura,Alerta de tipo JAM reportada por Ridethe8,2,-70.700816,-33.36751
CHIT_CHAT,N/A,Alerta de tipo CHIT_CHAT reportada por world_i2qo65pf,3,-70.692891,-33.38234
JAM,Pudahuel,Alerta de tipo JAM reportada por N/A,0,-70.779103,-33.375535
ROAD_CLOSED,Renca,Alerta de tipo ROAD_CLOSED reportada por Gasparfox,5,-70.745639,-33.406206
HAZARD,N/A,Alerta de tipo HAZARD reportada por world_un047cri,0,-70.689499,-33.389865
HAZARD,N/A,Alerta de tipo HAZARD reportada por pedro_campos_,3,-70.766239,-33.391495
JAM,Renca,Alerta de tipo JAM reportada por claudiao70,4,-70.744929,-33.404259
JAM,N/A,Alerta de tipo JAM reportada por N/A,1,-70.701343,-33.364055
POLICE,N/A,Alerta de tipo POLICE reportada por N/A,2,-70.782752,-33.405275
ACCIDENT,N/A,Alerta de tipo ACCIDENT reportada por N/A,2,-70.743379,-33.372233
JAM,Quilicura,Alerta de tipo JAM reportada por Mc_Abro,4,-70.719589,-33.362096
HAZARD,Pudahuel,Alerta de tipo HAZARD reportada por N/A,3,-70.791846,-33.405237
JAM,Quilicura,Alerta de tipo JAM reportada por world_rpo2hurj,1,-70.736575,-33.36487
HAZARD,Renca,Alerta de tipo HAZARD reportada por Meenn,3,-70.693115,-33.397478
JAM,Quilicura,Alerta de tipo JAM reportada por N/A,1,-70.698098,-33.372476
HAZARD,Huechuraba,Alerta de tipo HAZARD reportada por N/A,3,-70.688623,-33.365935
JAM,Cerro Navia,Alerta de tipo JAM reportada por N/A,4,-70.722448,-33.421008
JAM,N/A,Alerta de tipo JAM reportada por N/A,3,-70.705065,-33.355778
HAZARD,N/A,Alerta de tipo HAZARD reportada por N/A,0,-70.689731,-33.362506
JAM,N/A,Alerta de tipo JAM reportada por N/A,1,-70.775315,-33.399105
HAZARD,Renca,Alerta de tipo HAZARD reportada por N/A,0,-70.694276,-33.397902
ACCIDENT,N/A,Alerta de tipo ACCIDENT reportada por N/A,0,-70.778435,-33.401594
JAM,N/A,Alerta de tipo JAM reportada por N/A,0,-70.707967,-33.370948
HAZARD,Quilicura,Alerta de tipo HAZARD reportada por N/A,0,-70.691517,-33.359768
JAM,N/A,Alerta de tipo JAM reportada por N/A,0,-70.761375,-33.387323
JAM,Renca,Alerta de tipo JAM reportada por OzauroN1312,2,-70.754727,-33.389682
HAZARD,Pudahuel,Alerta de tipo HAZARD reportada por N/A,3,-70.780579,-33.390127
HAZARD,Quilicura,Alerta de tipo HAZARD reportada por N/A,1,-70.74671,-33.382619
JAM,Renca,Alerta de tipo JAM reportada por N/A,3,-70.731368,-33.401854
JAM,N/A,Alerta de tipo JAM reportada por N/A,0,-70.699392,-33.390071
JAM,Pudahuel,Alerta de tipo JAM reportada por corsarioc,2,-70.778388,-33.375369
JAM,N/A,Alerta de tipo JAM reportada por N/A,0,-70.710534,-33.372562
HAZARD,Quilicura,Alerta de tipo HAZARD reportada por N/A,1,-70.737893,-33.371375
JAM,N/A,Alerta de tipo JAM reportada por danirjmv,1,-70.698767,-33.369754
JAM,Quilicura,Alerta de tipo JAM reportada por Leov55m,0,-70.752952,-33.380055
JAM,Quilicura,Alerta de tipo JAM reportada por Shane_07,2,-70.709949,-33.37251
JAM,Quilicura,Alerta de tipo JAM reportada por N/A,1,-70.732002,-33.367708
ACCIDENT,N/A,Alerta de tipo ACCIDENT reportada por world_meq0wadu,2,-70.746004,-33.374377
JAM,N/A,Alerta de tipo JAM reportada por N/A,0,-70.74737,-33.375521
JAM,Quilicura,Alerta de tipo JAM reportada por abraham_mella,3,-70.718294,-33.357042
JAM,Quilicura,Alerta de tipo JAM reportada por FabricioGajardo,3,-70.73772,-33.356498
HAZARD,N/A,Alerta de tipo HAZARD reportada por world_4io5e8ng,0,-70.694946,-33.391207
HAZARD,N/A,Alerta de tipo HAZARD reportada por N/A,1,-70.743225,-33.372113
CHIT_CHAT,Quilicura,Alerta de tipo CHIT_CHAT reportada por world_29uin8cd,1,-70.712659,-33.3739
JAM,Quilicura,Alerta de tipo JAM reportada por N/A,2,-70.70211,-33.365859
HAZARD,N/A,Alerta de tipo HAZARD reportada por PabIoAndres,5,-70.705429,-33.369584
JAM,Quilicura,Alerta de tipo JAM reportada por Cualspeedy,3,-70.751248,-33.378663
JAM,Quilicura,Alerta de tipo JAM reportada por N/A,1,-70.731046,-33.367707
HAZARD,Renca,Alerta de tipo HAZARD reportada por N/A,2,-70.692604,-33.394119
JAM,Quilicura,Alerta de tipo JAM reportada por N/A,2,-70.719398,-33.373495
JAM,Quilicura,Alerta de tipo JAM reportada por N/A,0,-70.723433,-33.37304
JAM,Quilicura,Alerta de tipo JAM reportada por OscarParedesNinja,3,-70.69266,-33.359898
ACCIDENT,Quilicura,Alerta de tipo ACCIDENT reportada por N/A,0,-70.744951,-33.373354
HAZARD,Pudahuel,Alerta de tipo HAZARD reportada por N/A,1,-70.759871,-33.385917
JAM,Pudahuel,Alerta de tipo JAM reportada por N/A,3,-70.780489,-33.403315
JAM,Pudahuel,Alerta de tipo JAM reportada por N/A,0,-70.768982,-33.39359
ROAD_CLOSED,Renca,Alerta de tipo ROAD_CLOSED reportada por Gasparfox,5,-70.74555,-33.405715
JAM,Cerro Navia,Alerta de tipo JAM reportada por N/A,4,-70.719798,-33.421464
HAZARD,Pudahuel,Alerta de tipo HAZARD reportada por N/A,1,-70.803806,-33.404497
JAM,N/A,Alerta de tipo JAM reportada por N/A,3,-70.703799,-33.358568
JAM,N/A,Alerta de tipo JAM reportada por EduardoDFE,5,-70.696062,-33.375251
HAZARD,Renca,Alerta de tipo HAZARD reportada por N/A,2,-70.750483,-33.392317
HAZARD,Cerro Navia,Alerta de tipo HAZARD reportada por JoseMalebranXDJmpChile,3,-70.736632,-33.424895
JAM,Quilicura,Alerta de tipo JAM reportada por N/A,0,-70.736021,-33.371556
HAZARD,Quinta Normal,Alerta de tipo HAZARD reportada por EriickChile,2,-70.704183,-33.420245
JAM,Quilicura,Alerta de tipo JAM reportada por javiwan,4,-70.736569,-33.3705
HAZARD,Renca,Alerta de tipo HAZARD reportada por world_pkkkvd3p,2,-70.692623,-33.394117
HAZARD,Renca,Alerta de tipo HAZARD reportada por N/A,0,-70.697965,-33.410597
HAZARD,N/A,Alerta de tipo HAZARD reportada por DiabunoMichael,4,-70.788686,-33.369982
JAM,Pudahuel,Alerta de tipo JAM reportada por JorgeSalazarNinja32,3,-70.781747,-33.404387
CHIT_CHAT,N/A,Alerta de tipo CHIT_CHAT reportada por nikkynikkyta,3,-70.706082,-33.353589
HAZARD,Pudahuel,Alerta de tipo HAZARD reportada por N/A,3,-70.783173,-33.389152
JAM,N/A,Alerta de tipo JAM reportada por N/A,0,-70.691026,-33.365918
JAM,Quilicura,Alerta de tipo JAM reportada por FabricioGajardo,3,-70.738404,-33.37037
HAZARD,Renca,Alerta de tipo HAZARD reportada por world_iynlq8ij,1,-70.711972,-33.407263
HAZARD,Conchalí,Alerta de tipo HAZARD reportada por N/A,2,-70.691233,-33.372541
JAM,N/A,Alerta de tipo JAM reportada por fasilnav,5,-70.763725,-33.389246
JAM,Renca,Alerta de tipo JAM reportada por N/A,1,-70.693397,-33.400384
JAM,Pudahuel,Alerta de tipo JAM reportada por N/A,2,-70.762059,-33.387771
JAM,Quinta Normal,Alerta de tipo JAM reportada por N/A,4,-70.713806,-33.422731
JAM,Quilicura,Alerta de tipo JAM reportada por Killamez,3,-70.735351,-33.369262
JAM,N/A,Alerta de tipo JAM reportada por N/A,0,-70.715449,-33.373993
JAM,Renca,Alerta de tipo JAM reportada por Hathi01,3,-70.737838,-33.399141
JAM,N/A,Alerta de tipo JAM reportada por BizamaAlejandroM,5,-70.70331,-33.368133
ACCIDENT,Quilicura,Alerta de tipo ACCIDENT reportada por N/A,1,-70.751953,-33.379236
CHIT_CHAT,N/A,Alerta de tipo CHIT_CHAT reportada por world_zbushb36,0,-70.70949,-33.371899
HAZARD,N/A,Alerta de tipo HAZARD reportada por NikiLuengo,2,-70.767129,-33.392224
JAM,N/A,Alerta de tipo JAM reportada por speedy-munoz,2,-70.730991,-33.372306
JAM,Quilicura,Alerta de tipo JAM reportada por N/A,1,-70.732449,-33.37001
POLICE,Quilicura,Alerta de tipo POLICE reportada por N/A,1,-70.732368,-33.368
JAM,Quilicura,Alerta de tipo JAM reportada por FabricioGajardo,3,-70.73803,-33.371558
HAZARD,Quinta Normal,Alerta de tipo HAZARD reportada por N/A,2,-70.721093,-33.412591
JAM,Quilicura,Alerta de tipo JAM reportada por N/A,1,-70.731236,-33.368049
HAZARD,Pudahuel,Alerta de tipo HAZARD reportada por N/A,1,-70.80362,-33.408005
JAM,Quilicura,Alerta de tipo JAM reportada por N/A,1,-70.733309,-33.367573
JAM,Quilicura,Alerta de tipo JAM reportada por Negritawoman,2,-70.7105,-33.372909
JAM,N/A,Alerta de tipo JAM reportada por danirjmv,1,-70.700608,-33.367331
HAZARD,Peralito,Alerta de tipo HAZARD reportada por N/A,2,-70.80932,-33.383882
JAM,N/A,Alerta de tipo JAM reportada por N/A,3,-70.735253,-33.371789
JAM,N/A,Alerta de tipo JAM reportada por N/A,2,-70.742375,-33.371684
JAM,N/A,Alerta de tipo JAM reportada por N/A,0,-70.70279,-33.36086
JAM,N/A,Alerta de tipo JAM reportada por corsarioc,2,-70.748702,-33.376638
JAM,N/A,Alerta de tipo JAM reportada por N/A,2,-70.736683,-33.371605
ROAD_CLOSED,Renca,Alerta de tipo ROAD_CLOSED reportada por Gasparfox,5,-70.744097,-33.406021
JAM,Quilicura,Alerta de tipo JAM reportada por N/A,1,-70.737168,-33.366354
HAZARD,Renca,Alerta de tipo HAZARD reportada por N/A,0,-70.748321,-33.39944
JAM,Quilicura,Alerta de tipo JAM reportada por N/A,0,-70.734876,-33.370843
ROAD_CLOSED,Pudahuel,Alerta de tipo ROAD_CLOSED reportada por GeoClosures,0,-70.783429,-33.416186
JAM,Quilicura,Alerta de tipo JAM reportada por world_p6o2rr60,3,-70.737151,-33.358036
CHIT_CHAT,N/A,Alerta de tipo CHIT_CHAT reportada por Mariela50505050,2,-70.738748,-33.371434
HAZARD,Renca,Alerta de tipo HAZARD reportada por N/A,0,-70.755769,-33.389054
POLICE,Pudahuel,Alerta de tipo POLICE reportada por N/A,0,-70.75899,-33.385945
JAM,N/A,Alerta de tipo JAM reportada por N/A,2,-70.733577,-33.372007
JAM,N/A,Alerta de tipo JAM reportada por corsarioc,2,-70.744315,-33.372951
JAM,N/A,Alerta de tipo JAM reportada por Gabroh1speedy,4,-70.779093,-33.402315
JAM,N/A,Alerta de tipo JAM reportada por DaniAlegria,2,-70.702168,-33.362239
JAM,N/A,Alerta de tipo JAM reportada por N/A,4,-70.694778,-33.37812
JAM,N/A,Alerta de tipo JAM reportada por N/A,0,-70.714937,-33.373998
JAM,Quilicura,Alerta de tipo JAM reportada por world_1o2s3k0x,0,-70.734289,-33.369535
ROAD_CLOSED,Conchalí,Alerta de tipo ROAD_CLOSED reportada por Gasparfox,5,-70.682666,-33.381421
HAZARD,Huechuraba,Alerta de tipo HAZARD reportada por Mauro22v,3,-70.6701,-33.362461
ROAD_CLOSED,Conchalí,Alerta de tipo ROAD_CLOSED reportada por Gasparfox,5,-70.674989,-33.391009
ROAD_CLOSED,Conchalí,Alerta de tipo ROAD_CLOSED reportada por Gasparfox,5,-70.674506,-33.391795
ROAD_CLOSED,Conchalí,Alerta de tipo ROAD_CLOSED reportada por Gasparfox,5,-70.674236,-33.392276
ROAD_CLOSED,Conchalí,Alerta de tipo ROAD_CLOSED reportada por Gasparfox,5,-70.675776,-33.390051
HAZARD,Independencia,Alerta de tipo HAZARD reportada por N/A,2,-70.668352,-33.399676
ROAD_CLOSED,Conchalí,Alerta de tipo ROAD_CLOSED reportada por Gasparfox,5,-70.680232,-33.384766
HAZARD,Independencia,Alerta de tipo HAZARD reportada por N/A,2,-70.674004,-33.411589
HAZARD,Renca,Alerta de tipo HAZARD reportada por world_4io5e8ng,0,-70.67655,-33.421702
ROAD_CLOSED,Conchalí,Alerta de tipo ROAD_CLOSED reportada por Gasparfox,5,-70.673132,-33.394031
ROAD_CLOSED,N/A,Alerta de tipo ROAD_CLOSED reportada por Gasparfox,5,-70.68181,-33.383031
ROAD_CLOSED,N/A,Alerta de tipo ROAD_CLOSED reportada por Gasparfox,5,-70.682391,-33.382259
HAZARD,Conchalí,Alerta de tipo HAZARD reportada por N/A,3,-70.675682,-33.385365
ROAD_CLOSED,Conchalí,Alerta de tipo ROAD_CLOSED reportada por Gasparfox,5,-70.673548,-33.393395
ROAD_CLOSED,Conchalí,Alerta de tipo ROAD_CLOSED reportada por Gasparfox,5,-70.677101,-33.388947
ROAD_CLOSED,N/A,Alerta de tipo ROAD_CLOSED reportada por Gasparfox,5,-70.681238,-33.383685
ROAD_CLOSED,Conchalí,Alerta de tipo ROAD_CLOSED reportada por Gasparfox,5,-70.681648,-33.382993
JAM,Conchalí,Alerta de tipo JAM reportada por rodrigo_klubben,3,-70.671158,-33.371909
ROAD_CLOSED,Conchalí,Alerta de tipo ROAD_CLOSED reportada por Gasparfox,5,-70.677877,-33.388526
ROAD_CLOSED,Conchalí,Alerta de tipo ROAD_CLOSED reportada por Gasparfox,5,-70.675194,-33.390777
JAM,Huechuraba,Alerta de tipo JAM reportada por N/A,0,-70.662596,-33.36909
ROAD_CLOSED,Conchalí,Alerta de tipo ROAD_CLOSED reportada por Gasparfox,5,-70.674781,-33.391343
ROAD_CLOSED,Conchalí,Alerta de tipo ROAD_CLOSED reportada por Gasparfox,5,-70.671848,-33.395803
ROAD_CLOSED,Conchalí,Alerta de tipo ROAD_CLOSED reportada por ElFresh92,5,-70.670914,-33.397073
HAZARD,Huechuraba,Alerta de tipo HAZARD reportada por N/A,0,-70.664795,-33.364691
ROAD_CLOSED,Conchalí,Alerta de tipo ROAD_CLOSED reportada por Gasparfox,5,-70.68181,-33.383031
CHIT_CHAT,Quinta Normal,Alerta de tipo CHIT_CHAT reportada por world_79837edw,3,-70.68209,-33.426322
POLICE,Conchalí,Alerta de tipo POLICE reportada por N/A,1,-70.670143,-33.397329
ROAD_CLOSED,Conchalí,Alerta de tipo ROAD_CLOSED reportada por Gasparfox,5,-70.671918,-33.39572
ROAD_CLOSED,Conchalí,Alerta de tipo ROAD_CLOSED reportada por Gasparfox,5,-70.671402,-33.396267
ROAD_CLOSED,Conchalí,Alerta de tipo ROAD_CLOSED reportada por Gasparfox,5,-70.673901,-33.392827
HAZARD,N/A,Alerta de tipo HAZARD reportada por N/A,0,-70.687234,-33.393967
HAZARD,Huechuraba,Alerta de tipo HAZARD reportada por N/A,3,-70.660143,-33.374899
JAM,Conchalí,Alerta de tipo JAM reportada por N/A,1,-70.67976,-33.384613
ROAD_CLOSED,Conchalí,Alerta de tipo ROAD_CLOSED reportada por Gasparfox,5,-70.671402,-33.396267
ROAD_CLOSED,Conchalí,Alerta de tipo ROAD_CLOSED reportada por Gasparfox,5,-70.672108,-33.395503
HAZARD,Independencia,Alerta de tipo HAZARD reportada por N/A,2,-70.672329,-33.407125
ROAD_CLOSED,Conchalí,Alerta de tipo ROAD_CLOSED reportada por Gasparfox,5,-70.670756,-33.396926
ROAD_CLOSED,N/A,Alerta de tipo ROAD_CLOSED reportada por Gasparfox,5,-70.680456,-33.384504
ROAD_CLOSED,Conchalí,Alerta de tipo ROAD_CLOSED reportada por Gasparfox,5,-70.680889,-33.384003
HAZARD,Independencia,Alerta de tipo HAZARD reportada por N/A,3,-70.668475,-33.408865
HAZARD,Independencia,Alerta de tipo HAZARD reportada por N/A,2,-70.672337,-33.407137
HAZARD,Independencia,Alerta de tipo HAZARD reportada por N/A,3,-70.667123,-33.408893
ROAD_CLOSED,Conchalí,Alerta de tipo ROAD_CLOSED reportada por Gasparfox,5,-70.672368,-33.395135
HAZARD,Independencia,Alerta de tipo HAZARD reportada por N/A,2,-70.674656,-33.409711
ROAD_CLOSED,Conchalí,Alerta de tipo ROAD_CLOSED reportada por Gasparfox,5,-70.67584,-33.389988
ROAD_CLOSED,N/A,Alerta de tipo ROAD_CLOSED reportada por Gasparfox,5,-70.682818,-33.381467
ROAD_CLOSED,Conchalí,Alerta de tipo ROAD_CLOSED reportada por Gasparfox,5,-70.670678,-33.397088
ROAD_CLOSED,Conchalí,Alerta de tipo ROAD_CLOSED reportada por Gasparfox,5,-70.68079,-33.383938
ROAD_CLOSED,N/A,Alerta de tipo ROAD_CLOSED reportada por Gasparfox,5,-70.680889,-33.384003
ROAD_CLOSED,Conchalí,Alerta de tipo ROAD_CLOSED reportada por Gasparfox,5,-70.675448,-33.390448
ROAD_CLOSED,Conchalí,Alerta de tipo ROAD_CLOSED reportada por ElFresh92,5,-70.670914,-33.397073
JAM,Renca,Alerta de tipo JAM reportada por PaoPaoYokens,1,-70.682464,-33.40312
ROAD_CLOSED,Conchalí,Alerta de tipo ROAD_CLOSED reportada por Gasparfox,5,-70.679925,-33.385238
ROAD_CLOSED,Conchalí,Alerta de tipo ROAD_CLOSED reportada por Gasparfox,5,-70.672736,-33.394605
JAM,Recoleta,Alerta de tipo JAM reportada por N/A,0,-70.645073,-33.423206
JAM,Recoleta,Alerta de tipo JAM reportada por N/A,0,-70.640658,-33.38244
JAM,Independencia,Alerta de tipo JAM reportada por N/A,1,-70.652508,-33.423256
POLICE,Recoleta,Alerta de tipo POLICE reportada por David1976coyote,3,-70.641383,-33.425548
HAZARD,Recoleta,Alerta de tipo HAZARD reportada por Jeepetaa2019,3,-70.65803,-33.399034
JAM,Providencia,Alerta de tipo JAM reportada por Cato2006,1,-70.607189,-33.416057
JAM,Providencia,Alerta de tipo JAM reportada por world_d4rogts2,0,-70.605437,-33.421035
JAM,N/A,Alerta de tipo JAM reportada por N/A,4,-70.604185,-33.408292
POLICE,Providencia,Alerta de tipo POLICE reportada por N/A,2,-70.60969,-33.421692
JAM,Providencia,Alerta de tipo JAM reportada por N/A,3,-70.60578,-33.417054
ROAD_CLOSED,Providencia,Alerta de tipo ROAD_CLOSED reportada por LATAM Waze Editors Hub Account,5,-70.604637,-33.417704
JAM,Las Condes,Alerta de tipo JAM reportada por N/A,0,-70.60402,-33.414963
JAM,Providencia,Alerta de tipo JAM reportada por world_d4rogts2,0,-70.609588,-33.416081
JAM,Providencia,Alerta de tipo JAM reportada por N/A,5,-70.610959,-33.418397
JAM,Providencia,Alerta de tipo JAM reportada por fakeTaxiMenor,4,-70.608663,-33.416323
JAM,Providencia,Alerta de tipo JAM reportada por N/A,3,-70.610063,-33.416097
HAZARD,N/A,Alerta de tipo HAZARD reportada por N/A,1,-70.62375,-33.394889
JAM,Providencia,Alerta de tipo JAM reportada por russo1J,3,-70.605134,-33.421657
JAM,Las Condes,Alerta de tipo JAM reportada por N/A,0,-70.604453,-33.415039
JAM,N/A,Alerta de tipo JAM reportada por francamunozs,2,-70.613997,-33.414502
JAM,Las Condes,Alerta de tipo JAM reportada por N/A,1,-70.606523,-33.415649
JAM,Providencia,Alerta de tipo JAM reportada por world_6wlygjvh,2,-70.606309,-33.420163
JAM,Las Condes,Alerta de tipo JAM reportada por GregorVen-Emm2,3,-70.605738,-33.4144
JAM,Providencia,Alerta de tipo JAM reportada por N/A,1,-70.608358,-33.41772
JAM,Providencia,Alerta de tipo JAM reportada por N/A,3,-70.610845,-33.415916
JAM,Providencia,Alerta de tipo JAM reportada por N/A,1,-70.606196,-33.419465
JAM,Providencia,Alerta de tipo JAM reportada por dannyesport51,5,-70.608427,-33.415768
POLICE,Las Condes,Alerta de tipo POLICE reportada por deus2favela,2,-70.597621,-33.417077
JAM,Las Condes,Alerta de tipo JAM reportada por N/A,2,-70.587433,-33.407398
JAM,N/A,Alerta de tipo JAM reportada por Valdasor,2,-70.602164,-33.408188
JAM,N/A,Alerta de tipo JAM reportada por N/A,2,-70.599308,-33.389769
POLICE,Las Condes,Alerta de tipo POLICE reportada por N/A,0,-70.576444,-33.400928
HAZARD,Providencia,Alerta de tipo HAZARD reportada por world_micx0rzt,2,-70.596885,-33.426139
JAM,N/A,Alerta de tipo JAM reportada por N/A,3,-70.597115,-33.407449
JAM,Las Condes,Alerta de tipo JAM reportada por alemach1,4,-70.588254,-33.415129
JAM,Las Condes,Alerta de tipo JAM reportada por N/A,2,-70.602934,-33.410744
JAM,N/A,Alerta de tipo JAM reportada por N/A,1,-70.599991,-33.408118
JAM,Las Condes,Alerta de tipo JAM reportada por N/A,4,-70.581133,-33.40513
CHIT_CHAT,Las Condes,Alerta de tipo CHIT_CHAT reportada por world_0xvqn68e,4,-70.599368,-33.417437
JAM,Las Condes,Alerta de tipo JAM reportada por world_y4fljvio,1,-70.603206,-33.417308
JAM,N/A,Alerta de tipo JAM reportada por N/A,2,-70.600328,-33.408006
JAM,Vitacura,Alerta de tipo JAM reportada por N/A,2,-70.578356,-33.38545
POLICE,Las Condes,Alerta de tipo POLICE reportada por N/A,1,-70.578416,-33.42333
CHIT_CHAT,N/A,Alerta de tipo CHIT_CHAT reportada por turbo420CL,2,-70.722719,-33.373258
HAZARD,Las Condes,Alerta de tipo HAZARD reportada por JuanRiquelme1999,0,-70.590971,-33.413505
JAM,Providencia,Alerta de tipo JAM reportada por fjarab,1,-70.602291,-33.418559
JAM,Las Condes,Alerta de tipo JAM reportada por worldweb_8gmc6qus,4,-70.596627,-33.412585
POLICE,Las Condes,Alerta de tipo POLICE reportada por grismanPeaceful,3,-70.599305,-33.417571
JAM,N/A,Alerta de tipo JAM reportada por N/A,3,-70.596556,-33.407252
ROAD_CLOSED,N/A,Alerta de tipo ROAD_CLOSED reportada por GeoClosures,0,-70.602757,-33.408268
JAM,Las Condes,Alerta de tipo JAM reportada por N/A,0,-70.597676,-33.415931
JAM,Las Condes,Alerta de tipo JAM reportada por N/A,3,-70.600636,-33.417808
POLICE,Las Condes,Alerta de tipo POLICE reportada por hanamishi,4,-70.603388,-33.411672
HAZARD,Providencia,Alerta de tipo HAZARD reportada por N/A,0,-70.602437,-33.419443
JAM,Las Condes,Alerta de tipo JAM reportada por N/A,1,-70.60111,-33.41405
CHIT_CHAT,Las Condes,Alerta de tipo CHIT_CHAT reportada por anthonyspeedCool,3,-70.600739,-33.417837
HAZARD,Las Condes,Alerta de tipo HAZARD reportada por Aguas Andinas S.A.,0,-70.561726,-33.420222
JAM,Las Condes,Alerta de tipo JAM reportada por gesanche,3,-70.565419,-33.415086
HAZARD,Las Condes,Alerta de tipo HAZARD reportada por N/A,2,-70.565646,-33.41435
JAM,Las Condes,Alerta de tipo JAM reportada por world_t9zulahj,2,-70.565548,-33.414676
HAZARD,Las Condes,Alerta de tipo HAZARD reportada por Aguas Andinas S.A.,0,-70.561162,-33.419598
HAZARD,Las Condes,Alerta de tipo HAZARD reportada por Aguas Andinas S.A.,0,-70.56162,-33.419531
HAZARD,Las Condes,Alerta de tipo HAZARD reportada por svurbina,3,-70.55477,-33.4255
JAM,Las Condes,Alerta de tipo JAM reportada por N/A,3,-70.555775,-33.402382
JAM,Las Condes,Alerta de tipo JAM reportada por N/A,1,-70.548565,-33.400055
JAM,Las Condes,Alerta de tipo JAM reportada por MauricioAMeow5,3,-70.570526,-33.400129
JAM,Las Condes,Alerta de tipo JAM reportada por ceci_garcia,2,-70.569935,-33.401777
HAZARD,Las Condes,Alerta de tipo HAZARD reportada por rbeseler,3,-70.568058,-33.417627
JAM,Las Condes,Alerta de tipo JAM reportada por CarlosBozaT,1,-70.553104,-33.424079
JAM,Las Condes,Alerta de tipo JAM reportada por gmartinezf,5,-70.565743,-33.425424
ROAD_CLOSED,N/A,Alerta de tipo ROAD_CLOSED reportada por WazeClosures,0,-70.60373,-33.408632
JAM,Las Condes,Alerta de tipo JAM reportada por world_582jx7hx,4,-70.537979,-33.405842
JAM,Las Condes,Alerta de tipo JAM reportada por world_oo324tip,1,-70.536035,-33.385295
JAM,Vitacura,Alerta de tipo JAM reportada por N/A,1,-70.544245,-33.367863
HAZARD,Las Condes,Alerta de tipo HAZARD reportada por N/A,1,-70.529915,-33.418201
HAZARD,Vitacura,Alerta de tipo HAZARD reportada por N/A,2,-70.544603,-33.372994
JAM,Las Condes,Alerta de tipo JAM reportada por Arturocarrasco1,3,-70.527999,-33.377991
JAM,Lo Barnechea,Alerta de tipo JAM reportada por StephenCaviedes,3,-70.541415,-33.350172
HAZARD,Las Condes,Alerta de tipo HAZARD reportada por ChileDieter,4,-70.525396,-33.401152
JAM,N/A,Alerta de tipo JAM reportada por Valdasor,2,-70.599265,-33.407978
JAM,Las Condes,Alerta de tipo JAM reportada por SRCOKA79,4,-70.592142,-33.414831
POLICE,Las Condes,Alerta de tipo POLICE reportada por ronaldofull03,3,-70.599496,-33.417475
JAM,Las Condes,Alerta de tipo JAM reportada por EJOS73,5,-70.566457,-33.411422
JAM,Providencia,Alerta de tipo JAM reportada por N/A,0,-70.607854,-33.421553
POLICE,Las Condes,Alerta de tipo POLICE reportada por world_edc3lg01,2,-70.540543,-33.41892
JAM,Las Condes,Alerta de tipo JAM reportada por N/A,3,-70.602563,-33.411009
JAM,Las Condes,Alerta de tipo JAM reportada por alemach1,4,-70.592093,-33.414904
JAM,Las Condes,Alerta de tipo JAM reportada por N/A,3,-70.50191,-33.396901
JAM,Lo Barnechea,Alerta de tipo JAM reportada por Maidiiiiii2004,1,-70.511677,-33.369146
ROAD_CLOSED,Quinta Normal,Alerta de tipo ROAD_CLOSED reportada por N/A,2,-70.692442,-33.431548
ROAD_CLOSED,Cerro Navia,Alerta de tipo ROAD_CLOSED reportada por ClaudioPetit,5,-70.727491,-33.432637
JAM,Pudahuel,Alerta de tipo JAM reportada por N/A,1,-70.801943,-33.411562
ROAD_CLOSED,Cerro Navia,Alerta de tipo ROAD_CLOSED reportada por kan0n1,5,-70.728094,-33.432519
JAM,N/A,Alerta de tipo JAM reportada por world_jvgmw5x2,1,-70.72003,-33.429622
ROAD_CLOSED,Cerro Navia,Alerta de tipo ROAD_CLOSED reportada por kan0n1,5,-70.728733,-33.432392
ROAD_CLOSED,Cerro Navia,Alerta de tipo ROAD_CLOSED reportada por kan0n1,5,-70.729253,-33.432296
HAZARD,Cerro Navia,Alerta de tipo HAZARD reportada por N/A,2,-70.726226,-33.436065
ROAD_CLOSED,Cerro Navia,Alerta de tipo ROAD_CLOSED reportada por kan0n1,5,-70.729772,-33.4322
ROAD_CLOSED,Cerro Navia,Alerta de tipo ROAD_CLOSED reportada por kan0n1,5,-70.728733,-33.432392
HAZARD,Pudahuel,Alerta de tipo HAZARD reportada por N/A,0,-70.828985,-33.431491
ROAD_CLOSED,Cerro Navia,Alerta de tipo ROAD_CLOSED reportada por ClaudioPetit,5,-70.728094,-33.432519
ROAD_CLOSED,Quinta Normal,Alerta de tipo ROAD_CLOSED reportada por world_kbt58wzo,2,-70.692442,-33.431548
ROAD_CLOSED,Cerro Navia,Alerta de tipo ROAD_CLOSED reportada por kan0n1,5,-70.729253,-33.432296
JAM,N/A,Alerta de tipo JAM reportada por oriaj15,4,-70.661165,-33.431624
CHIT_CHAT,N/A,Alerta de tipo CHIT_CHAT reportada por world_721x3rtw,1,-70.662251,-33.42962
CHIT_CHAT,Santiago,Alerta de tipo CHIT_CHAT reportada por picosalvaje69o,3,-70.665363,-33.434804
HAZARD,Quinta Normal,Alerta de tipo HAZARD reportada por ChelitoParce,0,-70.684667,-33.434829
JAM,N/A,Alerta de tipo JAM reportada por ssepulvc,2,-70.660754,-33.433644
HAZARD,Santiago,Alerta de tipo HAZARD reportada por N/A,0,-70.678397,-33.43251
JAM,Santiago,Alerta de tipo JAM reportada por N/A,1,-70.660452,-33.436677
CHIT_CHAT,N/A,Alerta de tipo CHIT_CHAT reportada por maldoca1,3,-70.663112,-33.428752
JAM,N/A,Alerta de tipo JAM reportada por N/A,2,-70.663176,-33.4287
JAM,N/A,Alerta de tipo JAM reportada por Pablete1978,1,-70.660491,-33.435091
POLICE,Santiago,Alerta de tipo POLICE reportada por N/A,1,-70.665103,-33.434787
POLICE,Santiago,Alerta de tipo POLICE reportada por Moyano82,4,-70.655336,-33.437781
JAM,Santiago,Alerta de tipo JAM reportada por jose_miguel_,4,-70.648265,-33.433422
POLICE,Independencia,Alerta de tipo POLICE reportada por world_c1n4t71m,1,-70.651702,-33.431005
POLICE,Santiago,Alerta de tipo POLICE reportada por world_6w6n4ar9,2,-70.655527,-33.437925
CHIT_CHAT,Santiago,Alerta de tipo CHIT_CHAT reportada por world_6vlmfstc,2,-70.635595,-33.437407
CHIT_CHAT,Santiago,Alerta de tipo CHIT_CHAT reportada por world_kd0i8vlg,0,-70.653032,-33.437555
HAZARD,Santiago,Alerta de tipo HAZARD reportada por meteoroMeow9,3,-70.637355,-33.436875
POLICE,Recoleta,Alerta de tipo POLICE reportada por N/A,0,-70.646636,-33.428334
HAZARD,Santiago,Alerta de tipo HAZARD reportada por world_5z3wjmfs,3,-70.651226,-33.43736
ACCIDENT,Santiago,Alerta de tipo ACCIDENT reportada por N/A,1,-70.643814,-33.435775
CHIT_CHAT,Santiago,Alerta de tipo CHIT_CHAT reportada por world_in0iejd3,3,-70.659722,-33.43737
POLICE,Independencia,Alerta de tipo POLICE reportada por N/A,3,-70.651634,-33.42982
POLICE,Santiago,Alerta de tipo POLICE reportada por world_xkxq4d0s,2,-70.652863,-33.437537
JAM,Santiago,Alerta de tipo JAM reportada por N/A,2,-70.659983,-33.435311
JAM,Providencia,Alerta de tipo JAM reportada por N/A,5,-70.622222,-33.436912
POLICE,Providencia,Alerta de tipo POLICE reportada por N/A,2,-70.615437,-33.432679
JAM,Providencia,Alerta de tipo JAM reportada por world_804ykl9n,3,-70.627052,-33.431193
JAM,Providencia,Alerta de tipo JAM reportada por N/A,2,-70.627369,-33.430298
JAM,Providencia,Alerta de tipo JAM reportada por world_na9n1fhp,0,-70.62716,-33.430185
JAM,Providencia,Alerta de tipo JAM reportada por N/A,2,-70.624525,-33.432896
CHIT_CHAT,Providencia,Alerta de tipo CHIT_CHAT reportada por theblacHappy,2,-70.626872,-33.434057
POLICE,Providencia,Alerta de tipo POLICE reportada por AlaliaRo,3,-70.629633,-33.42991
JAM,Providencia,Alerta de tipo JAM reportada por N/A,2,-70.607862,-33.436908
JAM,La Reina,Alerta de tipo JAM reportada por N/A,2,-70.580406,-33.431745
JAM,Providencia,Alerta de tipo JAM reportada por pamelavalax,3,-70.601439,-33.42974
JAM,Providencia,Alerta de tipo JAM reportada por N/A,1,-70.596173,-33.436095
JAM,La Reina,Alerta de tipo JAM reportada por world_irrnc64q,2,-70.561211,-33.437509
JAM,N/A,Alerta de tipo JAM reportada por N/A,1,-70.693073,-33.365817
POLICE,La Reina,Alerta de tipo POLICE reportada por N/A,2,-70.574192,-33.434958
ROAD_CLOSED,Ñuñoa,Alerta de tipo ROAD_CLOSED reportada por Gasparfox,5,-70.574362,-33.437786
JAM,La Reina,Alerta de tipo JAM reportada por world_irrnc64q,2,-70.554623,-33.430487
JAM,La Reina,Alerta de tipo JAM reportada por world_5697jipa,1,-70.560318,-33.433957
JAM,La Reina,Alerta de tipo JAM reportada por world_m0c1pbe8,0,-70.541959,-33.433934
JAM,La Reina,Alerta de tipo JAM reportada por world_m0c1pbe8,0,-70.538483,-33.43273
JAM,La Reina,Alerta de tipo JAM reportada por world_m0c1pbe8,0,-70.53894,-33.431616
JAM,La Reina,Alerta de tipo JAM reportada por world_fwmg990t,3,-70.54076,-33.433798
JAM,Las Condes,Alerta de tipo JAM reportada por world_m0c1pbe8,0,-70.539042,-33.428137
JAM,La Reina,Alerta de tipo JAM reportada por world_fwmg990t,3,-70.541181,-33.429183
JAM,Providencia,Alerta de tipo JAM reportada por QuazarMan,3,-70.587156,-33.433799
JAM,La Reina,Alerta de tipo JAM reportada por world_m0c1pbe8,0,-70.539253,-33.429822
JAM,Providencia,Alerta de tipo JAM reportada por bateoid2023,4,-70.588804,-33.428219
JAM,La Reina,Alerta de tipo JAM reportada por Jcayuqueo,4,-70.550433,-33.433649
JAM,La Reina,Alerta de tipo JAM reportada por RWittwerR,1,-70.551785,-33.433585
JAM,Providencia,Alerta de tipo JAM reportada por pamelavalax,3,-70.616449,-33.432963
CHIT_CHAT,Providencia,Alerta de tipo CHIT_CHAT reportada por N/A,0,-70.611297,-33.437973
JAM,La Reina,Alerta de tipo JAM reportada por N/A,0,-70.574212,-33.434846
JAM,Providencia,Alerta de tipo JAM reportada por N/A,0,-70.626612,-33.429857
JAM,Providencia,Alerta de tipo JAM reportada por N/A,1,-70.597507,-33.428879
ROAD_CLOSED,Providencia,Alerta de tipo ROAD_CLOSED reportada por Gasparfox,5,-70.632905,-33.437467
ROAD_CLOSED,Providencia,Alerta de tipo ROAD_CLOSED reportada por ClaudioPetit,5,-70.633935,-33.437289
CHIT_CHAT,Providencia,Alerta de tipo CHIT_CHAT reportada por world_493hcql7,0,-70.626438,-33.433459
JAM,La Reina,Alerta de tipo JAM reportada por N/A,2,-70.556338,-33.436824
JAM,La Reina,Alerta de tipo JAM reportada por xjaviier,0,-70.574767,-33.431635
JAM,Providencia,Alerta de tipo JAM reportada por DVM1984,1,-70.601742,-33.427819
JAM,Las Condes,Alerta de tipo JAM reportada por florenciakrefft,1,-70.538916,-33.427645
ROAD_CLOSED,Providencia,Alerta de tipo ROAD_CLOSED reportada por ClaudioPetit,5,-70.632869,-33.436743
POLICE,Providencia,Alerta de tipo POLICE reportada por world_5z3wjmfs,3,-70.635087,-33.437175
ROAD_CLOSED,Providencia,Alerta de tipo ROAD_CLOSED reportada por ClaudioPetit,5,-70.634662,-33.436627
ACCIDENT,Providencia,Alerta de tipo ACCIDENT reportada por N/A,3,-70.599144,-33.428663
HAZARD,Lo Prado,Alerta de tipo HAZARD reportada por N/A,2,-70.709586,-33.444801
HAZARD,N/A,Alerta de tipo HAZARD reportada por Marybarra0512,3,-70.74652,-33.374809
HAZARD,N/A,Alerta de tipo HAZARD reportada por SebastianReggaeton,5,-70.803005,-33.441058
ROAD_CLOSED,Pudahuel,Alerta de tipo ROAD_CLOSED reportada por Subsecretaria de Transportes,1,-70.790182,-33.442052
JAM,Quinta Normal,Alerta de tipo JAM reportada por world_fxusdh5c,2,-70.701699,-33.445984
HAZARD,N/A,Alerta de tipo HAZARD reportada por SebastianReggaeton,5,-70.780128,-33.445459
CHIT_CHAT,Quinta Normal,Alerta de tipo CHIT_CHAT reportada por RorroFF,0,-70.697927,-33.438597
HAZARD,N/A,Alerta de tipo HAZARD reportada por SebastianReggaeton,5,-70.812273,-33.439262
ROAD_CLOSED,Pudahuel,Alerta de tipo ROAD_CLOSED reportada por Subsecretaria de Transportes,1,-70.782577,-33.443804
ROAD_CLOSED,Pudahuel,Alerta de tipo ROAD_CLOSED reportada por Subsecretaria de Transportes,1,-70.789626,-33.441051
ROAD_CLOSED,Pudahuel,Alerta de tipo ROAD_CLOSED reportada por Subsecretaria de Transportes,1,-70.790036,-33.44138
HAZARD,Quinta Normal,Alerta de tipo HAZARD reportada por N/A,0,-70.704539,-33.441982
ROAD_CLOSED,Pudahuel,Alerta de tipo ROAD_CLOSED reportada por Subsecretaria de Transportes,1,-70.790182,-33.442052
ROAD_CLOSED,Pudahuel,Alerta de tipo ROAD_CLOSED reportada por Subsecretaria de Transportes,1,-70.790036,-33.44138
ROAD_CLOSED,Pudahuel,Alerta de tipo ROAD_CLOSED reportada por Subsecretaria de Transportes,1,-70.790116,-33.44144
HAZARD,Pudahuel,Alerta de tipo HAZARD reportada por JoseMalebranXDJmpChile,3,-70.753375,-33.442638
ROAD_CLOSED,N/A,Alerta de tipo ROAD_CLOSED reportada por Subsecretaria de Transportes,1,-70.790242,-33.44322
ROAD_CLOSED,Pudahuel,Alerta de tipo ROAD_CLOSED reportada por Subsecretaria de Transportes,1,-70.789916,-33.442797
JAM,Lo Prado,Alerta de tipo JAM reportada por N/A,4,-70.70722,-33.447758
POLICE,Pudahuel,Alerta de tipo POLICE reportada por world_n3psatwh,3,-70.845308,-33.446333
ROAD_CLOSED,Pudahuel,Alerta de tipo ROAD_CLOSED reportada por Subsecretaria de Transportes,1,-70.789916,-33.442797
HAZARD,Cerro Navia,Alerta de tipo HAZARD reportada por Javier_Briones,3,-70.722067,-33.438153
HAZARD,Quinta Normal,Alerta de tipo HAZARD reportada por N/A,0,-70.702711,-33.442002
ROAD_CLOSED,Pudahuel,Alerta de tipo ROAD_CLOSED reportada por Subsecretaria de Transportes,1,-70.790116,-33.44144
ROAD_CLOSED,Pudahuel,Alerta de tipo ROAD_CLOSED reportada por Gasparfox,5,-70.767285,-33.448891
ROAD_CLOSED,Pudahuel,Alerta de tipo ROAD_CLOSED reportada por Subsecretaria de Transportes,1,-70.788678,-33.443054
HAZARD,N/A,Alerta de tipo HAZARD reportada por SebastianReggaeton,5,-70.774745,-33.446486
JAM,Quinta Normal,Alerta de tipo JAM reportada por world_fxusdh5c,2,-70.704213,-33.445954
ROAD_CLOSED,Pudahuel,Alerta de tipo ROAD_CLOSED reportada por Subsecretaria de Transportes,1,-70.788678,-33.443054
JAM,Lo Prado,Alerta de tipo JAM reportada por Osvaldo2809,2,-70.723151,-33.442171
HAZARD,Quinta Normal,Alerta de tipo HAZARD reportada por N/A,0,-70.704475,-33.441981
HAZARD,N/A,Alerta de tipo HAZARD reportada por SebastianReggaeton,5,-70.767482,-33.447909
ROAD_CLOSED,Pudahuel,Alerta de tipo ROAD_CLOSED reportada por Subsecretaria de Transportes,1,-70.784164,-33.443729
ROAD_CLOSED,Pudahuel,Alerta de tipo ROAD_CLOSED reportada por Subsecretaria de Transportes,1,-70.784164,-33.443729
HAZARD,Santiago,Alerta de tipo HAZARD reportada por Subsecretaria de Transportes,0,-70.661444,-33.44668
HAZARD,Santiago,Alerta de tipo HAZARD reportada por Subsecretaria de Transportes,0,-70.663675,-33.447197
HAZARD,Santiago,Alerta de tipo HAZARD reportada por Subsecretaria de Transportes,0,-70.667388,-33.44766
JAM,Santiago,Alerta de tipo JAM reportada por N/A,1,-70.660661,-33.446848
HAZARD,Santiago,Alerta de tipo HAZARD reportada por Subsecretaria de Transportes,0,-70.666404,-33.447374
HAZARD,Santiago,Alerta de tipo HAZARD reportada por Subsecretaria de Transportes,0,-70.660582,-33.445895
HAZARD,Santiago,Alerta de tipo HAZARD reportada por Subsecretaria de Transportes,0,-70.664854,-33.447463
HAZARD,Santiago,Alerta de tipo HAZARD reportada por Subsecretaria de Transportes,0,-70.66173,-33.446181
HAZARD,Santiago,Alerta de tipo HAZARD reportada por Subsecretaria de Transportes,0,-70.66256,-33.446398
HAZARD,Santiago,Alerta de tipo HAZARD reportada por Subsecretaria de Transportes,0,-70.663774,-33.446707
HAZARD,Santiago,Alerta de tipo HAZARD reportada por Subsecretaria de Transportes,0,-70.663149,-33.446548
POLICE,Santiago,Alerta de tipo POLICE reportada por N/A,2,-70.660681,-33.446556
HAZARD,Santiago,Alerta de tipo HAZARD reportada por Subsecretaria de Transportes,0,-70.662109,-33.44628
HAZARD,Santiago,Alerta de tipo HAZARD reportada por Subsecretaria de Transportes,0,-70.664472,-33.446883
HAZARD,Santiago,Alerta de tipo HAZARD reportada por Subsecretaria de Transportes,0,-70.664589,-33.446914
HAZARD,Santiago,Alerta de tipo HAZARD reportada por Subsecretaria de Transportes,0,-70.660252,-33.445813
HAZARD,Santiago,Alerta de tipo HAZARD reportada por Subsecretaria de Transportes,0,-70.665609,-33.447172
HAZARD,Santiago,Alerta de tipo HAZARD reportada por Subsecretaria de Transportes,0,-70.661447,-33.446109
HAZARD,Santiago,Alerta de tipo HAZARD reportada por Subsecretaria de Transportes,0,-70.666507,-33.447403
HAZARD,Santiago,Alerta de tipo HAZARD reportada por Subsecretaria de Transportes,0,-70.661693,-33.446171
HAZARD,Santiago,Alerta de tipo HAZARD reportada por Subsecretaria de Transportes,0,-70.666042,-33.447282
HAZARD,Santiago,Alerta de tipo HAZARD reportada por Subsecretaria de Transportes,0,-70.66699,-33.447544
POLICE,Santiago,Alerta de tipo POLICE reportada por world_5z3wjmfs,3,-70.659479,-33.438218
HAZARD,Santiago,Alerta de tipo HAZARD reportada por Subsecretaria de Transportes,0,-70.658021,-33.445298
HAZARD,Santiago,Alerta de tipo HAZARD reportada por Subsecretaria de Transportes,0,-70.655606,-33.445313
HAZARD,Santiago,Alerta de tipo HAZARD reportada por Subsecretaria de Transportes,0,-70.653949,-33.444874
HAZARD,Santiago,Alerta de tipo HAZARD reportada por Subsecretaria de Transportes,0,-70.654177,-33.444932
HAZARD,Santiago,Alerta de tipo HAZARD reportada por Subsecretaria de Transportes,0,-70.65957,-33.44627
ROAD_CLOSED,Providencia,Alerta de tipo ROAD_CLOSED reportada por Gasparfox,5,-70.63483,-33.438649
JAM,Providencia,Alerta de tipo JAM reportada por N/A,3,-70.633444,-33.442929
JAM,Santiago,Alerta de tipo JAM reportada por N/A,1,-70.652636,-33.447635
CHIT_CHAT,Santiago,Alerta de tipo CHIT_CHAT reportada por Deywick2,2,-70.654306,-33.444051
JAM,Santiago,Alerta de tipo JAM reportada por N/A,0,-70.643572,-33.442448
HAZARD,Santiago,Alerta de tipo HAZARD reportada por Subsecretaria de Transportes,0,-70.654319,-33.444497
JAM,Santiago,Alerta de tipo JAM reportada por N/A,1,-70.644952,-33.446232
POLICE,Santiago,Alerta de tipo POLICE reportada por world_jwwbqkkj,0,-70.656843,-33.43826
HAZARD,Santiago,Alerta de tipo HAZARD reportada por Subsecretaria de Transportes,0,-70.657417,-33.44576
POLICE,Santiago,Alerta de tipo POLICE reportada por N/A,0,-70.646164,-33.443089
CHIT_CHAT,Santiago,Alerta de tipo CHIT_CHAT reportada por peteportu,2,-70.658044,-33.439182
HAZARD,Santiago,Alerta de tipo HAZARD reportada por Subsecretaria de Transportes,0,-70.655395,-33.445259
JAM,Providencia,Alerta de tipo JAM reportada por N/A,2,-70.61585,-33.446382
JAM,Providencia,Alerta de tipo JAM reportada por world_wdsj8uvc,2,-70.61703,-33.439518
HAZARD,Providencia,Alerta de tipo HAZARD reportada por YssacarMuozSanchez,2,-70.612068,-33.444025
JAM,Providencia,Alerta de tipo JAM reportada por N/A,1,-70.619407,-33.439897
JAM,Ñuñoa,Alerta de tipo JAM reportada por N/A,2,-70.605689,-33.448237
JAM,Providencia,Alerta de tipo JAM reportada por world_d4rogts2,0,-70.611496,-33.445763
JAM,Providencia,Alerta de tipo JAM reportada por N/A,5,-70.621703,-33.438521
JAM,Ñuñoa,Alerta de tipo JAM reportada por world_irrnc64q,2,-70.58816,-33.448093
JAM,Providencia,Alerta de tipo JAM reportada por N/A,3,-70.599762,-33.441285
HAZARD,Ñuñoa,Alerta de tipo HAZARD reportada por JoseManuelHarri,2,-70.572574,-33.443042
JAM,La Reina,Alerta de tipo JAM reportada por world_skqlj0u5,2,-70.566181,-33.447159
JAM,La Reina,Alerta de tipo JAM reportada por N/A,2,-70.566407,-33.445785
POLICE,Ñuñoa,Alerta de tipo POLICE reportada por ApitaPonceA,2,-70.573625,-33.448043
HAZARD,Providencia,Alerta de tipo HAZARD reportada por N/A,1,-70.615216,-33.444291
JAM,Providencia,Alerta de tipo JAM reportada por Mercurio63,3,-70.616029,-33.439408
JAM,Ñuñoa,Alerta de tipo JAM reportada por N/A,2,-70.583593,-33.446646
JAM,La Reina,Alerta de tipo JAM reportada por AlejandraLeiva,3,-70.571695,-33.446862
JAM,Providencia,Alerta de tipo JAM reportada por N/A,0,-70.623247,-33.444578
HAZARD,Santiago,Alerta de tipo HAZARD reportada por Subsecretaria de Transportes,0,-70.658571,-33.445424
JAM,Santiago,Alerta de tipo JAM reportada por N/A,0,-70.644235,-33.441831
JAM,Providencia,Alerta de tipo JAM reportada por N/A,1,-70.601482,-33.442104
HAZARD,Santiago,Alerta de tipo HAZARD reportada por Subsecretaria de Transportes,0,-70.658349,-33.445996
ROAD_CLOSED,Ñuñoa,Alerta de tipo ROAD_CLOSED reportada por Gasparfox,5,-70.574344,-33.438036
HAZARD,Providencia,Alerta de tipo HAZARD reportada por N/A,1,-70.623378,-33.447581
HAZARD,Santiago,Alerta de tipo HAZARD reportada por Subsecretaria de Transportes,0,-70.65882,-33.445483
HAZARD,Santiago,Alerta de tipo HAZARD reportada por Subsecretaria de Transportes,0,-70.653137,-33.444225
HAZARD,Santiago,Alerta de tipo HAZARD reportada por Subsecretaria de Transportes,0,-70.656368,-33.445501
HAZARD,Santiago,Alerta de tipo HAZARD reportada por Subsecretaria de Transportes,0,-70.654799,-33.445099
HAZARD,Santiago,Alerta de tipo HAZARD reportada por Subsecretaria de Transportes,0,-70.658586,-33.446052
POLICE,Santiago,Alerta de tipo POLICE reportada por N/A,3,-70.652042,-33.444001
ROAD_CLOSED,Ñuñoa,Alerta de tipo ROAD_CLOSED reportada por Gasparfox,5,-70.57433,-33.438205
CHIT_CHAT,Santiago,Alerta de tipo CHIT_CHAT reportada por world_eixa8b1t,1,-70.653091,-33.444663
HAZARD,Santiago,Alerta de tipo HAZARD reportada por N/A,2,-70.657363,-33.444972
HAZARD,Santiago,Alerta de tipo HAZARD reportada por Subsecretaria de Transportes,0,-70.656352,-33.44494
HAZARD,Providencia,Alerta de tipo HAZARD reportada por N/A,1,-70.615214,-33.444291
HAZARD,Pudahuel,Alerta de tipo HAZARD reportada por N/A,1,-70.781758,-33.453608
HAZARD,Pudahuel,Alerta de tipo HAZARD reportada por world_i7vpic1q,1,-70.742666,-33.457416
POLICE,Estación Central,Alerta de tipo POLICE reportada por N/A,2,-70.691567,-33.456046
HAZARD,Pudahuel,Alerta de tipo HAZARD reportada por world_i7vpic1q,1,-70.753676,-33.455295
POLICE,Pudahuel,Alerta de tipo POLICE reportada por N/A,0,-70.750467,-33.455894
JAM,Estación Central,Alerta de tipo JAM reportada por N/A,1,-70.69257,-33.453057
CHIT_CHAT,Estación Central,Alerta de tipo CHIT_CHAT reportada por N/A,2,-70.691636,-33.455826
ROAD_CLOSED,N/A,Alerta de tipo ROAD_CLOSED reportada por Autopista Vespucio Norte Express S.A.,5,-70.773923,-33.450178
HAZARD,Pudahuel,Alerta de tipo HAZARD reportada por world_i7vpic1q,1,-70.733903,-33.458499
JAM,Estación Central,Alerta de tipo JAM reportada por N/A,4,-70.705246,-33.459836
ROAD_CLOSED,N/A,Alerta de tipo ROAD_CLOSED reportada por Autopista Vespucio Norte Express S.A.,5,-70.773191,-33.451011
JAM,Estación Central,Alerta de tipo JAM reportada por N/A,1,-70.697688,-33.454183
JAM,Lo Prado,Alerta de tipo JAM reportada por world_9u74wja0,3,-70.705869,-33.455548
HAZARD,Lo Prado,Alerta de tipo HAZARD reportada por world_kad9zpk5,3,-70.714181,-33.457388
JAM,Estación Central,Alerta de tipo JAM reportada por N/A,2,-70.704314,-33.455422
ROAD_CLOSED,N/A,Alerta de tipo ROAD_CLOSED reportada por Gasparfox,5,-70.769138,-33.454313
HAZARD,Pudahuel,Alerta de tipo HAZARD reportada por N/A,2,-70.743438,-33.45347
JAM,Estación Central,Alerta de tipo JAM reportada por N/A,0,-70.697702,-33.453589
JAM,Estación Central,Alerta de tipo JAM reportada por toria0,0,-70.69883,-33.455593
POLICE,Lo Prado,Alerta de tipo POLICE reportada por N/A,1,-70.705846,-33.455871
HAZARD,Pudahuel,Alerta de tipo HAZARD reportada por world_i7vpic1q,1,-70.750397,-33.455908
POLICE,Pudahuel,Alerta de tipo POLICE reportada por world_zjidcq6i,4,-70.762939,-33.453594
ROAD_CLOSED,Pudahuel,Alerta de tipo ROAD_CLOSED reportada por Gasparfox,5,-70.766651,-33.449006
HAZARD,Estación Central,Alerta de tipo HAZARD reportada por N/A,0,-70.697531,-33.454273
JAM,Estación Central,Alerta de tipo JAM reportada por Piters666,3,-70.689216,-33.458333
CHIT_CHAT,Estación Central,Alerta de tipo CHIT_CHAT reportada por world_f6l6w9dk,5,-70.692462,-33.453377
HAZARD,Pudahuel,Alerta de tipo HAZARD reportada por N/A,2,-70.782103,-33.45619
JAM,Estación Central,Alerta de tipo JAM reportada por N/A,2,-70.687809,-33.459018
ROAD_CLOSED,Santiago,Alerta de tipo ROAD_CLOSED reportada por kan0n1,5,-70.675228,-33.451758
JAM,Santiago,Alerta de tipo JAM reportada por world_fxusdh5c,2,-70.66025,-33.457445
CHIT_CHAT,Santiago,Alerta de tipo CHIT_CHAT reportada por elrapido2017,3,-70.672206,-33.458184
POLICE,Santiago,Alerta de tipo POLICE reportada por anonimo12h,2,-70.663282,-33.458502
POLICE,Santiago,Alerta de tipo POLICE reportada por rafaSpeedy850,4,-70.672344,-33.458478
POLICE,Santiago,Alerta de tipo POLICE reportada por rafaSpeedy850,4,-70.669609,-33.458015
JAM,Estación Central,Alerta de tipo JAM reportada por world_poee1i8i,1,-70.686948,-33.45282
POLICE,Santiago,Alerta de tipo POLICE reportada por worldweb_4cz8alt5,2,-70.672216,-33.458148
POLICE,Santiago,Alerta de tipo POLICE reportada por N/A,1,-70.678891,-33.450913
JAM,Estación Central,Alerta de tipo JAM reportada por world_rp7p7a1s,2,-70.687953,-33.457543
POLICE,Santiago,Alerta de tipo POLICE reportada por N/A,3,-70.660647,-33.458348
JAM,Estación Central,Alerta de tipo JAM reportada por N/A,1,-70.684172,-33.458975
POLICE,Santiago,Alerta de tipo POLICE reportada por rafaSpeedy850,4,-70.674977,-33.458636
CHIT_CHAT,Santiago,Alerta de tipo CHIT_CHAT reportada por world_nsmpotk3,1,-70.672329,-33.458477
POLICE,Santiago,Alerta de tipo POLICE reportada por N/A,1,-70.67293,-33.456836
POLICE,Santiago,Alerta de tipo POLICE reportada por world_i0n9elf0,2,-70.672463,-33.457299
CHIT_CHAT,Santiago,Alerta de tipo CHIT_CHAT reportada por Alan_Brito1,3,-70.672412,-33.457526
JAM,Santiago,Alerta de tipo JAM reportada por itsjosephgreg_33,3,-70.659694,-33.450513
HAZARD,Santiago,Alerta de tipo HAZARD reportada por N/A,4,-70.64984,-33.459563
JAM,Santiago,Alerta de tipo JAM reportada por N/A,1,-70.657698,-33.459456
CHIT_CHAT,Santiago,Alerta de tipo CHIT_CHAT reportada por world_w3xxvagy,3,-70.628715,-33.459626
POLICE,Ñuñoa,Alerta de tipo POLICE reportada por N/A,0,-70.597764,-33.459135
JAM,Ñuñoa,Alerta de tipo JAM reportada por world_50inefb9,3,-70.57886,-33.454417
CHIT_CHAT,Santiago,Alerta de tipo CHIT_CHAT reportada por thedeaforever,3,-70.660647,-33.458348
HAZARD,Santiago,Alerta de tipo HAZARD reportada por Subsecretaria de Transportes,0,-70.660719,-33.446526
HAZARD,Santiago,Alerta de tipo HAZARD reportada por Subsecretaria de Transportes,0,-70.660096,-33.445776
JAM,Ñuñoa,Alerta de tipo JAM reportada por P0TAT0ES,3,-70.573571,-33.458559
JAM,La Reina,Alerta de tipo JAM reportada por N/A,0,-70.560409,-33.452481
CHIT_CHAT,Ñuñoa,Alerta de tipo CHIT_CHAT reportada por world_hjbyvdbt,3,-70.573423,-33.458626
JAM,Ñuñoa,Alerta de tipo JAM reportada por N/A,0,-70.574827,-33.45796
JAM,La Reina,Alerta de tipo JAM reportada por N/A,3,-70.564867,-33.454743
HAZARD,N/A,Alerta de tipo HAZARD reportada por N/A,1,-70.679443,-33.38553
JAM,Ñuñoa,Alerta de tipo JAM reportada por pela_ox,4,-70.583816,-33.451224
JAM,Ñuñoa,Alerta de tipo JAM reportada por N/A,1,-70.573063,-33.458743
JAM,Ñuñoa,Alerta de tipo JAM reportada por N/A,0,-70.584155,-33.454656
JAM,Ñuñoa,Alerta de tipo JAM reportada por N/A,1,-70.574457,-33.458173
JAM,Ñuñoa,Alerta de tipo JAM reportada por world_irrnc64q,2,-70.588379,-33.449644
JAM,Ñuñoa,Alerta de tipo JAM reportada por Irvingidrp,5,-70.582661,-33.453198
ROAD_CLOSED,Maipú,Alerta de tipo ROAD_CLOSED reportada por Gasparfox,5,-70.748132,-33.470415
HAZARD,Estación Central,Alerta de tipo HAZARD reportada por world_snwhvh0q,1,-70.709074,-33.466534
POLICE,Estación Central,Alerta de tipo POLICE reportada por N/A,2,-70.730936,-33.466937
ROAD_CLOSED,Maipú,Alerta de tipo ROAD_CLOSED reportada por Gasparfox,5,-70.748114,-33.470274
JAM,Maipú,Alerta de tipo JAM reportada por N/A,1,-70.734839,-33.469918
POLICE,N/A,Alerta de tipo POLICE reportada por N/A,1,-70.73134,-33.466602
JAM,N/A,Alerta de tipo JAM reportada por N/A,2,-70.688235,-33.465124
HAZARD,Maipú,Alerta de tipo HAZARD reportada por world_kfy8gc3g,4,-70.73133,-33.467793
JAM,N/A,Alerta de tipo JAM reportada por N/A,2,-70.688242,-33.469063
HAZARD,Maipú,Alerta de tipo HAZARD reportada por pamogaSpa,5,-70.747883,-33.46848
ROAD_CLOSED,Maipú,Alerta de tipo ROAD_CLOSED reportada por Gasparfox,5,-70.748175,-33.470679
ROAD_CLOSED,Maipú,Alerta de tipo ROAD_CLOSED reportada por Gasparfox,5,-70.748175,-33.470679
ROAD_CLOSED,Maipú,Alerta de tipo ROAD_CLOSED reportada por Gasparfox,5,-70.748215,-33.470943
JAM,Maipú,Alerta de tipo JAM reportada por Spitze-30,2,-70.736208,-33.470793
ROAD_CLOSED,Maipú,Alerta de tipo ROAD_CLOSED reportada por Gasparfox,5,-70.748132,-33.470415
JAM,Estación Central,Alerta de tipo JAM reportada por N/A,2,-70.718223,-33.461264
JAM,N/A,Alerta de tipo JAM reportada por cesarvidal1945,4,-70.688264,-33.467354
CHIT_CHAT,Estación Central,Alerta de tipo CHIT_CHAT reportada por world_e5v43735,2,-70.731404,-33.467585
ROAD_CLOSED,Maipú,Alerta de tipo ROAD_CLOSED reportada por Gasparfox,5,-70.748215,-33.470943
POLICE,Estación Central,Alerta de tipo POLICE reportada por N/A,1,-70.731411,-33.467179
ROAD_CLOSED,Estación Central,Alerta de tipo ROAD_CLOSED reportada por kan0n1,5,-70.686413,-33.464217
ROAD_CLOSED,Estación Central,Alerta de tipo ROAD_CLOSED reportada por kan0n1,5,-70.684314,-33.464177
HAZARD,Estación Central,Alerta de tipo HAZARD reportada por Tend0kvn,0,-70.678879,-33.46407
ROAD_CLOSED,Estación Central,Alerta de tipo ROAD_CLOSED reportada por kan0n1,5,-70.68554,-33.464195
ROAD_CLOSED,Estación Central,Alerta de tipo ROAD_CLOSED reportada por kan0n1,5,-70.685754,-33.464201
JAM,Santiago,Alerta de tipo JAM reportada por N/A,3,-70.663709,-33.464022
HAZARD,Santiago,Alerta de tipo HAZARD reportada por Subsecretaria de Transportes,0,-70.662649,-33.446421
HAZARD,Santiago,Alerta de tipo HAZARD reportada por PabloReyesMarchantspedy,5,-70.661488,-33.447311
POLICE,Santiago,Alerta de tipo POLICE reportada por N/A,1,-70.654699,-33.460141
JAM,Santiago,Alerta de tipo JAM reportada por world_89a93v06,3,-70.656362,-33.462162
JAM,Santiago,Alerta de tipo JAM reportada por world_6ejv5eth,2,-70.660494,-33.457489
JAM,Santiago,Alerta de tipo JAM reportada por perritobomba,4,-70.656395,-33.461419
JAM,Santiago,Alerta de tipo JAM reportada por Eduardo_C88,3,-70.656386,-33.461622
HAZARD,Ñuñoa,Alerta de tipo HAZARD reportada por N/A,1,-70.616591,-33.4709
JAM,Macul,Alerta de tipo JAM reportada por N/A,0,-70.577831,-33.470277
JAM,Ñuñoa,Alerta de tipo JAM reportada por PelirrojoSinAlma,2,-70.578302,-33.468567
ROAD_CLOSED,Peñalolén,Alerta de tipo ROAD_CLOSED reportada por kan0n1,5,-70.574585,-33.465085
POLICE,Peñalolén,Alerta de tipo POLICE reportada por N/A,1,-70.563575,-33.468294
POLICE,Peñalolén,Alerta de tipo POLICE reportada por N/A,0,-70.56039,-33.464532
JAM,La Reina,Alerta de tipo JAM reportada por world_m0c1pbe8,0,-70.557346,-33.462584
JAM,La Reina,Alerta de tipo JAM reportada por world_m0c1pbe8,0,-70.564568,-33.461768
ROAD_CLOSED,Peñalolén,Alerta de tipo ROAD_CLOSED reportada por world_fv08d9lf,3,-70.533924,-33.466845
ROAD_CLOSED,Peñalolén,Alerta de tipo ROAD_CLOSED reportada por world_gon1lkcc,1,-70.533924,-33.466845
ROAD_CLOSED,Peñalolén,Alerta de tipo ROAD_CLOSED reportada por N/A,0,-70.533924,-33.466845
HAZARD,Peñalolén,Alerta de tipo HAZARD reportada por N/A,0,-70.547704,-33.466258
JAM,Peñalolén,Alerta de tipo JAM reportada por N/A,2,-70.550145,-33.467604
JAM,Peñalolén,Alerta de tipo JAM reportada por Hector_Hobaica,3,-70.550215,-33.466723
ROAD_CLOSED,Peñalolén,Alerta de tipo ROAD_CLOSED reportada por kan0n1,5,-70.573673,-33.465286
ROAD_CLOSED,Peñalolén,Alerta de tipo ROAD_CLOSED reportada por Berny_C,3,-70.533924,-33.466845
JAM,Ñuñoa,Alerta de tipo JAM reportada por MarcelaaDVelasq,3,-70.600098,-33.464696
JAM,La Reina,Alerta de tipo JAM reportada por aPedroChile2022,3,-70.541451,-33.462252
JAM,Peñalolén,Alerta de tipo JAM reportada por Navito70,2,-70.572632,-33.46271
ROAD_CLOSED,Maipú,Alerta de tipo ROAD_CLOSED reportada por kan0n1,5,-70.748857,-33.474695
ROAD_CLOSED,Maipú,Alerta de tipo ROAD_CLOSED reportada por Gasparfox,5,-70.748302,-33.471447
HAZARD,Maipú,Alerta de tipo HAZARD reportada por N/A,2,-70.727521,-33.47406
JAM,N/A,Alerta de tipo JAM reportada por FranRamoHappy,4,-70.757544,-33.476213
HAZARD,Maipú,Alerta de tipo HAZARD reportada por N/A,2,-70.736559,-33.480485
ROAD_CLOSED,Maipú,Alerta de tipo ROAD_CLOSED reportada por Gasparfox,5,-70.748545,-33.472782
ROAD_CLOSED,Maipú,Alerta de tipo ROAD_CLOSED reportada por Gasparfox,5,-70.748263,-33.471202
ROAD_CLOSED,Maipú,Alerta de tipo ROAD_CLOSED reportada por kan0n1,5,-70.748344,-33.471714
HAZARD,Maipú,Alerta de tipo HAZARD reportada por N/A,2,-70.735793,-33.481026
ROAD_CLOSED,Maipú,Alerta de tipo ROAD_CLOSED reportada por Gasparfox,5,-70.748497,-33.472527
ROAD_CLOSED,Maipú,Alerta de tipo ROAD_CLOSED reportada por Gasparfox,5,-70.748497,-33.472527
ROAD_CLOSED,Maipú,Alerta de tipo ROAD_CLOSED reportada por kan0n1,5,-70.748337,-33.474734
HAZARD,Estación Central,Alerta de tipo HAZARD reportada por world_ep2y6l71,1,-70.689557,-33.47684
ROAD_CLOSED,Maipú,Alerta de tipo ROAD_CLOSED reportada por kan0n1,5,-70.748857,-33.474695
ROAD_CLOSED,Maipú,Alerta de tipo ROAD_CLOSED reportada por Gasparfox,5,-70.756898,-33.474138
JAM,Cerrillos,Alerta de tipo JAM reportada por jlsz1970k,0,-70.691355,-33.478655
ROAD_CLOSED,Maipú,Alerta de tipo ROAD_CLOSED reportada por kan0n1,5,-70.748344,-33.471714
HAZARD,Maipú,Alerta de tipo HAZARD reportada por N/A,2,-70.735498,-33.481347
ROAD_CLOSED,Maipú,Alerta de tipo ROAD_CLOSED reportada por kan0n1,5,-70.747296,-33.474809
HAZARD,N/A,Alerta de tipo HAZARD reportada por world_myv7opuz,0,-70.694676,-33.478689
ROAD_CLOSED,Maipú,Alerta de tipo ROAD_CLOSED reportada por Gasparfox,5,-70.748596,-33.473052
JAM,Estación Central,Alerta de tipo JAM reportada por solid651,3,-70.688981,-33.476425
JAM,Cerrillos,Alerta de tipo JAM reportada por N/A,0,-70.694247,-33.481841
ROAD_CLOSED,Maipú,Alerta de tipo ROAD_CLOSED reportada por Gasparfox,5,-70.748401,-33.472017
HAZARD,Maipú,Alerta de tipo HAZARD reportada por premiere1,3,-70.747245,-33.474289
ROAD_CLOSED,Maipú,Alerta de tipo ROAD_CLOSED reportada por kan0n1,5,-70.749505,-33.479202
ROAD_CLOSED,Maipú,Alerta de tipo ROAD_CLOSED reportada por kan0n1,5,-70.747,-33.471834
ROAD_CLOSED,Maipú,Alerta de tipo ROAD_CLOSED reportada por Gasparfox,5,-70.758188,-33.474319
HAZARD,Cerrillos,Alerta de tipo HAZARD reportada por world_vyok4lio,0,-70.691213,-33.481096
ROAD_CLOSED,Maipú,Alerta de tipo ROAD_CLOSED reportada por Gasparfox,5,-70.74845,-33.472275
ROAD_CLOSED,Maipú,Alerta de tipo ROAD_CLOSED reportada por kan0n1,5,-70.750208,-33.471579
ROAD_CLOSED,Maipú,Alerta de tipo ROAD_CLOSED reportada por kan0n1,5,-70.749383,-33.478863
ROAD_CLOSED,Maipú,Alerta de tipo ROAD_CLOSED reportada por Gasparfox,5,-70.756898,-33.474138
ROAD_CLOSED,Maipú,Alerta de tipo ROAD_CLOSED reportada por Gasparfox,5,-70.748344,-33.471714
CHIT_CHAT,Estación Central,Alerta de tipo CHIT_CHAT reportada por VaaliithaaxxLol,1,-70.688125,-33.475811
ROAD_CLOSED,Maipú,Alerta de tipo ROAD_CLOSED reportada por kan0n1,5,-70.748952,-33.47558
ROAD_CLOSED,Maipú,Alerta de tipo ROAD_CLOSED reportada por Gasparfox,5,-70.748263,-33.471202
HAZARD,Maipú,Alerta de tipo HAZARD reportada por N/A,2,-70.725749,-33.473587
ROAD_CLOSED,Maipú,Alerta de tipo ROAD_CLOSED reportada por Gasparfox,5,-70.748545,-33.472782
ROAD_CLOSED,Maipú,Alerta de tipo ROAD_CLOSED reportada por Gasparfox,5,-70.756185,-33.474177
ROAD_CLOSED,Maipú,Alerta de tipo ROAD_CLOSED reportada por kan0n1,5,-70.747926,-33.474756
HAZARD,Maipú,Alerta de tipo HAZARD reportada por Janoteman11,3,-70.723552,-33.476793
HAZARD,Maipú,Alerta de tipo HAZARD reportada por N/A,2,-70.736388,-33.480582
HAZARD,Maipú,Alerta de tipo HAZARD reportada por Elsantiaguino,1,-70.732247,-33.472214
ROAD_CLOSED,Maipú,Alerta de tipo ROAD_CLOSED reportada por kan0n1,5,-70.748857,-33.474695
JAM,Maipú,Alerta de tipo JAM reportada por FranRamoHappy,4,-70.757347,-33.476644
ROAD_CLOSED,Maipú,Alerta de tipo ROAD_CLOSED reportada por kan0n1,5,-70.748857,-33.474695
HAZARD,Maipú,Alerta de tipo HAZARD reportada por N/A,2,-70.736092,-33.480863
HAZARD,N/A,Alerta de tipo HAZARD reportada por world_vyok4lio,0,-70.702551,-33.478423
HAZARD,Maipú,Alerta de tipo HAZARD reportada por N/A,0,-70.729097,-33.474614
ROAD_CLOSED,Maipú,Alerta de tipo ROAD_CLOSED reportada por Gasparfox,5,-70.748401,-33.472017
ROAD_CLOSED,Maipú,Alerta de tipo ROAD_CLOSED reportada por Gasparfox,5,-70.748302,-33.471447
ROAD_CLOSED,Maipú,Alerta de tipo ROAD_CLOSED reportada por kan0n1,5,-70.750514,-33.474552
ROAD_CLOSED,Maipú,Alerta de tipo ROAD_CLOSED reportada por Gasparfox,5,-70.748344,-33.471714
ROAD_CLOSED,Maipú,Alerta de tipo ROAD_CLOSED reportada por Gasparfox,5,-70.74845,-33.472275
HAZARD,Maipú,Alerta de tipo HAZARD reportada por N/A,0,-70.724918,-33.476062
POLICE,Maipú,Alerta de tipo POLICE reportada por N/A,0,-70.729747,-33.48133
JAM,Estación Central,Alerta de tipo JAM reportada por N/A,1,-70.690283,-33.477502
JAM,Cerrillos,Alerta de tipo JAM reportada por Alvaro-Rapaz,2,-70.689957,-33.478198
ROAD_CLOSED,Maipú,Alerta de tipo ROAD_CLOSED reportada por kan0n1,5,-70.748812,-33.474342
ROAD_CLOSED,Maipú,Alerta de tipo ROAD_CLOSED reportada por kan0n1,5,-70.74751,-33.474791
HAZARD,Maipú,Alerta de tipo HAZARD reportada por N/A,4,-70.747221,-33.47405
HAZARD,Maipú,Alerta de tipo HAZARD reportada por N/A,2,-70.727074,-33.473039
HAZARD,Estación Central,Alerta de tipo HAZARD reportada por JeanniesBong,3,-70.684451,-33.472838
POLICE,Pedro Aguirre Cerda,Alerta de tipo POLICE reportada por N/A,0,-70.681236,-33.480855
HAZARD,Pedro Aguirre Cerda,Alerta de tipo HAZARD reportada por NazzaS4,2,-70.66051,-33.476838
JAM,Santiago,Alerta de tipo JAM reportada por world_efm15vmq,5,-70.643942,-33.477652
POLICE,Pedro Aguirre Cerda,Alerta de tipo POLICE reportada por world_rg59xcut,2,-70.681277,-33.481499
HAZARD,Macul,Alerta de tipo HAZARD reportada por N/A,1,-70.592725,-33.479726
HAZARD,Las Condes,Alerta de tipo HAZARD reportada por N/A,5,-70.602082,-33.412827
JAM,Peñalolén,Alerta de tipo JAM reportada por JesusRicardoP,3,-70.558302,-33.472887
CHIT_CHAT,Peñalolén,Alerta de tipo CHIT_CHAT reportada por world_fpfk17gy,3,-70.555429,-33.474161
JAM,Peñalolén,Alerta de tipo JAM reportada por N/A,2,-70.558053,-33.479984
JAM,Peñalolén,Alerta de tipo JAM reportada por N/A,2,-70.554493,-33.472186
CHIT_CHAT,Peñalolén,Alerta de tipo CHIT_CHAT reportada por wazauPerrisima,1,-70.558157,-33.4814
ACCIDENT,Peñalolén,Alerta de tipo ACCIDENT reportada por N/A,0,-70.555239,-33.473641
JAM,Peñalolén,Alerta de tipo JAM reportada por worldweb_hay0hqbt,3,-70.558034,-33.479633
JAM,Peñalolén,Alerta de tipo JAM reportada por world_lskied7p,2,-70.555453,-33.474224
JAM,Peñalolén,Alerta de tipo JAM reportada por saulcabrera01,3,-70.541743,-33.472164
HAZARD,Peñalolén,Alerta de tipo HAZARD reportada por N/A,1,-70.526849,-33.474579
HAZARD,Peñalolén,Alerta de tipo HAZARD reportada por N/A,4,-70.54797,-33.476182
JAM,Peñalolén,Alerta de tipo JAM reportada por JesusRicardoP,3,-70.557207,-33.473114
HAZARD,Peñalolén,Alerta de tipo HAZARD reportada por Red_Konona,3,-70.555598,-33.474624
HAZARD,Peñalolén,Alerta de tipo HAZARD reportada por world_np2op0s9,4,-70.552073,-33.474255
CHIT_CHAT,Cerrillos,Alerta de tipo CHIT_CHAT reportada por zitorack,3,-70.696769,-33.482858
ROAD_CLOSED,N/A,Alerta de tipo ROAD_CLOSED reportada por Gasparfox,5,-70.763336,-33.492763
HAZARD,Maipú,Alerta de tipo HAZARD reportada por jpbgalexis,2,-70.769477,-33.492652
HAZARD,Cerrillos,Alerta de tipo HAZARD reportada por N/A,2,-70.696995,-33.482698
HAZARD,Maipú,Alerta de tipo HAZARD reportada por N/A,1,-70.769214,-33.488447
HAZARD,Maipú,Alerta de tipo HAZARD reportada por jpbgalexis,2,-70.774289,-33.492306
HAZARD,Maipú,Alerta de tipo HAZARD reportada por soyalbertberbesi,3,-70.731809,-33.485287
HAZARD,Maipú,Alerta de tipo HAZARD reportada por world_9nep37x0,3,-70.775544,-33.489981
HAZARD,Maipú,Alerta de tipo HAZARD reportada por N/A,1,-70.763524,-33.485144
JAM,Cerrillos,Alerta de tipo JAM reportada por world_fb9jm9r3,1,-70.696491,-33.483037
HAZARD,N/A,Alerta de tipo HAZARD reportada por world_jrxetes9,2,-70.768229,-33.491301
HAZARD,Cerrillos,Alerta de tipo HAZARD reportada por andres87Rgc2,1,-70.697048,-33.482661
POLICE,Maipú,Alerta de tipo POLICE reportada por N/A,0,-70.737183,-33.485231
JAM,Maipú,Alerta de tipo JAM reportada por N/A,2,-70.751988,-33.487611
HAZARD,Maipú,Alerta de tipo HAZARD reportada por N/A,3,-70.763357,-33.484578
HAZARD,Maipú,Alerta de tipo HAZARD reportada por adaman_kore,3,-70.768497,-33.490195
HAZARD,Maipú,Alerta de tipo HAZARD reportada por N/A,1,-70.767128,-33.487214
POLICE,Cerrillos,Alerta de tipo POLICE reportada por N/A,1,-70.69422,-33.483807
HAZARD,Maipú,Alerta de tipo HAZARD reportada por N/A,1,-70.754933,-33.488847
JAM,Cerrillos,Alerta de tipo JAM reportada por N/A,0,-70.693822,-33.483947
CHIT_CHAT,Estación Central,Alerta de tipo CHIT_CHAT reportada por world_lebnfcdl,2,-70.691561,-33.456066
HAZARD,Maipú,Alerta de tipo HAZARD reportada por N/A,1,-70.755026,-33.488697
JAM,Maipú,Alerta de tipo JAM reportada por world_jrxetes9,2,-70.7529,-33.489587
HAZARD,Cerrillos,Alerta de tipo HAZARD reportada por Victor_avalos36,5,-70.690419,-33.48424
JAM,N/A,Alerta de tipo JAM reportada por N/A,1,-70.750395,-33.492092
HAZARD,Maipú,Alerta de tipo HAZARD reportada por rcz_ricardo,1,-70.745625,-33.482082
ACCIDENT,Cerrillos,Alerta de tipo ACCIDENT reportada por world_8tjmyy70,0,-70.696106,-33.483227
HAZARD,Maipú,Alerta de tipo HAZARD reportada por N/A,0,-70.73843,-33.488943
HAZARD,Maipú,Alerta de tipo HAZARD reportada por jpbgalexis,2,-70.769621,-33.492187
JAM,Pedro Aguirre Cerda,Alerta de tipo JAM reportada por world_8tjmyy70,0,-70.661136,-33.489082
HAZARD,Pedro Aguirre Cerda,Alerta de tipo HAZARD reportada por world_gb2r7ci5,1,-70.669431,-33.490203
HAZARD,Pedro Aguirre Cerda,Alerta de tipo HAZARD reportada por world_gb2r7ci5,1,-70.67462,-33.492308
HAZARD,Pedro Aguirre Cerda,Alerta de tipo HAZARD reportada por world_gb2r7ci5,1,-70.67458,-33.488107
HAZARD,Pedro Aguirre Cerda,Alerta de tipo HAZARD reportada por world_gb2r7ci5,1,-70.673737,-33.492648
HAZARD,Estación Central,Alerta de tipo HAZARD reportada por world_vyok4lio,0,-70.691404,-33.466619
HAZARD,Macul,Alerta de tipo HAZARD reportada por N/A,2,-70.606694,-33.477012
HAZARD,San Joaquín,Alerta de tipo HAZARD reportada por JuanRamos111,1,-70.62727,-33.485041
POLICE,San Miguel,Alerta de tipo POLICE reportada por N/A,1,-70.64622,-33.482101
JAM,Macul,Alerta de tipo JAM reportada por N/A,2,-70.579834,-33.484232
ROAD_CLOSED,Peñalolén,Alerta de tipo ROAD_CLOSED reportada por ElFresh92,5,-70.558517,-33.486804
HAZARD,Peñalolén,Alerta de tipo HAZARD reportada por N/A,4,-70.549966,-33.488897
ROAD_CLOSED,Peñalolén,Alerta de tipo ROAD_CLOSED reportada por ElFresh92,5,-70.558484,-33.486414
ROAD_CLOSED,Peñalolén,Alerta de tipo ROAD_CLOSED reportada por ElFresh92,5,-70.558517,-33.486804
ROAD_CLOSED,Peñalolén,Alerta de tipo ROAD_CLOSED reportada por ElFresh92,5,-70.559145,-33.491486
JAM,Peñalolén,Alerta de tipo JAM reportada por alerojasba,4,-70.558213,-33.482014
HAZARD,Peñalolén,Alerta de tipo HAZARD reportada por N/A,2,-70.550093,-33.488878
JAM,Peñalolén,Alerta de tipo JAM reportada por 198748921c064e45bedbd6883d40ed18,5,-70.558248,-33.489663
JAM,Peñalolén,Alerta de tipo JAM reportada por 198748921c064e45bedbd6883d40ed18,5,-70.558504,-33.491985
ROAD_CLOSED,Peñalolén,Alerta de tipo ROAD_CLOSED reportada por ElFresh92,5,-70.558476,-33.486251
JAM,Peñalolén,Alerta de tipo JAM reportada por world_tkanae6z,1,-70.559626,-33.485926
JAM,Peñalolén,Alerta de tipo JAM reportada por N/A,1,-70.558013,-33.4919
POLICE,Peñalolén,Alerta de tipo POLICE reportada por N/A,3,-70.552347,-33.488168
HAZARD,Peñalolén,Alerta de tipo HAZARD reportada por SoleMunozO,3,-70.540021,-33.483401
JAM,Peñalolén,Alerta de tipo JAM reportada por N/A,2,-70.55831,-33.48341
ROAD_CLOSED,Peñalolén,Alerta de tipo ROAD_CLOSED reportada por ElFresh92,5,-70.558583,-33.487327
ROAD_CLOSED,Peñalolén,Alerta de tipo ROAD_CLOSED reportada por ElFresh92,5,-70.558484,-33.486414
ROAD_CLOSED,Peñalolén,Alerta de tipo ROAD_CLOSED reportada por ElFresh92,5,-70.558583,-33.487327
POLICE,Peñalolén,Alerta de tipo POLICE reportada por world_0cg2l1b2,0,-70.519381,-33.489654
HAZARD,Peñalolén,Alerta de tipo HAZARD reportada por N/A,4,-70.540604,-33.482649
POLICE,Peñalolén,Alerta de tipo POLICE reportada por worldweb_51aa9vlo,3,-70.519523,-33.489365
POLICE,Peñalolén,Alerta de tipo POLICE reportada por N/A,2,-70.543728,-33.489308
HAZARD,Peñalolén,Alerta de tipo HAZARD reportada por JotaGallegos,4,-70.547782,-33.483808
CHIT_CHAT,Macul,Alerta de tipo CHIT_CHAT reportada por MVWarrior,4,-70.583378,-33.48836
POLICE,San Joaquín,Alerta de tipo POLICE reportada por N/A,1,-70.640116,-33.492212
HAZARD,Peñalolén,Alerta de tipo HAZARD reportada por N/A,4,-70.540677,-33.483069
POLICE,Providencia,Alerta de tipo POLICE reportada por GregorVen-Emm2,3,-70.611574,-33.445509
HAZARD,San Miguel,Alerta de tipo HAZARD reportada por N/A,1,-70.647666,-33.489455
HAZARD,Maipú,Alerta de tipo HAZARD reportada por N/A,2,-70.774813,-33.499819
HAZARD,N/A,Alerta de tipo HAZARD reportada por kanochelero,2,-70.780489,-33.496378
HAZARD,Cerrillos,Alerta de tipo HAZARD reportada por N/A,1,-70.731249,-33.494861
JAM,Maipú,Alerta de tipo JAM reportada por N/A,0,-70.756579,-33.493578
HAZARD,N/A,Alerta de tipo HAZARD reportada por N/A,2,-70.758115,-33.494143
HAZARD,Maipú,Alerta de tipo HAZARD reportada por N/A,2,-70.739693,-33.495773
JAM,Estación Central,Alerta de tipo JAM reportada por N/A,2,-70.697839,-33.451675
HAZARD,N/A,Alerta de tipo HAZARD reportada por N/A,1,-70.754131,-33.493563
HAZARD,Lo Espejo,Alerta de tipo HAZARD reportada por NazzaS4,2,-70.694695,-33.502498
HAZARD,Pedro Aguirre Cerda,Alerta de tipo HAZARD reportada por world_gb2r7ci5,1,-70.675779,-33.500478
POLICE,Pedro Aguirre Cerda,Alerta de tipo POLICE reportada por N/A,1,-70.682321,-33.495499
CHIT_CHAT,Pedro Aguirre Cerda,Alerta de tipo CHIT_CHAT reportada por wezarTamy,3,-70.682234,-33.49438
POLICE,San Miguel,Alerta de tipo POLICE reportada por N/A,0,-70.639688,-33.4977
HAZARD,San Joaquín,Alerta de tipo HAZARD reportada por world_bj9oxfpt,3,-70.624309,-33.501978
HAZARD,San Joaquín,Alerta de tipo HAZARD reportada por world_bj9oxfpt,3,-70.624071,-33.496902
HAZARD,Macul,Alerta de tipo HAZARD reportada por world_p092772v,0,-70.585595,-33.494231
JAM,N/A,Alerta de tipo JAM reportada por Pola_Eizabeth,0,-70.586405,-33.500408
POLICE,San Miguel,Alerta de tipo POLICE reportada por N/A,0,-70.644283,-33.496344
JAM,Macul,Alerta de tipo JAM reportada por N/A,0,-70.589141,-33.499924
JAM,N/A,Alerta de tipo JAM reportada por N/A,0,-70.58811,-33.500084
HAZARD,Peñalolén,Alerta de tipo HAZARD reportada por edario22,3,-70.562719,-33.498837
HAZARD,Estación Central,Alerta de tipo HAZARD reportada por world_vyok4lio,0,-70.691508,-33.46546
HAZARD,Peñalolén,Alerta de tipo HAZARD reportada por world_bj9oxfpt,3,-70.580288,-33.502937
JAM,N/A,Alerta de tipo JAM reportada por Pola_Eizabeth,0,-70.586979,-33.500293
JAM,Peñalolén,Alerta de tipo JAM reportada por N/A,2,-70.575073,-33.502648
HAZARD,Peñalolén,Alerta de tipo HAZARD reportada por world_bj9oxfpt,3,-70.576731,-33.503784
HAZARD,Providencia,Alerta de tipo HAZARD reportada por GregorVen-Emm2,3,-70.612229,-33.443541
POLICE,Santiago,Alerta de tipo POLICE reportada por N/A,1,-70.663969,-33.458146
HAZARD,Pedro Aguirre Cerda,Alerta de tipo HAZARD reportada por world_gb2r7ci5,1,-70.67028,-33.489798
HAZARD,Peñalolén,Alerta de tipo HAZARD reportada por world_bj9oxfpt,3,-70.584099,-33.501207
HAZARD,San Miguel,Alerta de tipo HAZARD reportada por world_gb2r7ci5,1,-70.645225,-33.496136
JAM,La Reina,Alerta de tipo JAM reportada por N/A,3,-70.554713,-33.43345
HAZARD,Maipú,Alerta de tipo HAZARD reportada por CrislitroAngel,3,-70.763975,-33.505696
HAZARD,Maipú,Alerta de tipo HAZARD reportada por N/A,1,-70.763466,-33.51239
POLICE,Rinconada de Maipú,Alerta de tipo POLICE reportada por N/A,0,-70.80931,-33.504562
POLICE,Cerrillos,Alerta de tipo POLICE reportada por N/A,0,-70.725892,-33.508105
JAM,Estación Central,Alerta de tipo JAM reportada por jae_irc,5,-70.688421,-33.467439
HAZARD,Maipú,Alerta de tipo HAZARD reportada por El_Nico0o,1,-70.794509,-33.5105
HAZARD,Maipú,Alerta de tipo HAZARD reportada por imLzh,3,-70.794305,-33.51097
HAZARD,Maipú,Alerta de tipo HAZARD reportada por adaman_kore,3,-70.795476,-33.504801
JAM,Maipú,Alerta de tipo JAM reportada por N/A,3,-70.757718,-33.506321
HAZARD,Maipú,Alerta de tipo HAZARD reportada por N/A,0,-70.759711,-33.514429
HAZARD,Maipú,Alerta de tipo HAZARD reportada por El_Nico0o,1,-70.794734,-33.50994
HAZARD,Maipú,Alerta de tipo HAZARD reportada por lycanfMd,1,-70.785785,-33.513985
JAM,Pedro Aguirre Cerda,Alerta de tipo JAM reportada por world_fb9jm9r3,1,-70.670804,-33.509586
HAZARD,San Miguel,Alerta de tipo HAZARD reportada por N/A,1,-70.643415,-33.511698
HAZARD,San Miguel,Alerta de tipo HAZARD reportada por world_gb2r7ci5,1,-70.645683,-33.51241
CHIT_CHAT,San Miguel,Alerta de tipo CHIT_CHAT reportada por elgranbravo,0,-70.640594,-33.506953
JAM,San Miguel,Alerta de tipo JAM reportada por N/A,3,-70.645562,-33.505738
HAZARD,San Joaquín,Alerta de tipo HAZARD reportada por world_bj9oxfpt,3,-70.614303,-33.510787
HAZARD,San Joaquín,Alerta de tipo HAZARD reportada por world_gb2r7ci5,1,-70.631328,-33.512577
HAZARD,San Joaquín,Alerta de tipo HAZARD reportada por world_gb2r7ci5,1,-70.631293,-33.50884
HAZARD,Peñalolén,Alerta de tipo HAZARD reportada por N/A,3,-70.577064,-33.506526
HAZARD,Peñalolén,Alerta de tipo HAZARD reportada por world_bj9oxfpt,3,-70.582143,-33.507139
POLICE,Ñuñoa,Alerta de tipo POLICE reportada por N/A,2,-70.597937,-33.459344
HAZARD,La Florida,Alerta de tipo HAZARD reportada por world_bj9oxfpt,3,-70.584521,-33.511437
HAZARD,La Florida,Alerta de tipo HAZARD reportada por world_bj9oxfpt,3,-70.584934,-33.511477
CHIT_CHAT,Macul,Alerta de tipo CHIT_CHAT reportada por NYBermudez,3,-70.591367,-33.505879
POLICE,La Florida,Alerta de tipo POLICE reportada por N/A,0,-70.576596,-33.510835
HAZARD,Peñalolén,Alerta de tipo HAZARD reportada por world_bj9oxfpt,3,-70.571495,-33.509462
HAZARD,Peñalolén,Alerta de tipo HAZARD reportada por world_bj9oxfpt,3,-70.570607,-33.508466
HAZARD,Peñalolén,Alerta de tipo HAZARD reportada por world_bj9oxfpt,3,-70.570821,-33.509545
HAZARD,Peñalolén,Alerta de tipo HAZARD reportada por world_bj9oxfpt,3,-70.570819,-33.509558
HAZARD,Peñalolén,Alerta de tipo HAZARD reportada por world_bj9oxfpt,3,-70.570961,-33.510353
HAZARD,Peñalolén,Alerta de tipo HAZARD reportada por RWittwerR,1,-70.560889,-33.508667
HAZARD,Peñalolén,Alerta de tipo HAZARD reportada por luxiiiiin,1,-70.574889,-33.505888
HAZARD,Peñalolén,Alerta de tipo HAZARD reportada por luxiiiiin,1,-70.575055,-33.506473
JAM,Peñalolén,Alerta de tipo JAM reportada por PaulaVidalL,2,-70.554109,-33.508799
HAZARD,Ñuñoa,Alerta de tipo HAZARD reportada por N/A,0,-70.605974,-33.446509
HAZARD,Peñalolén,Alerta de tipo HAZARD reportada por world_bj9oxfpt,3,-70.570996,-33.510578
JAM,Peñalolén,Alerta de tipo JAM reportada por N/A,1,-70.555821,-33.507261
HAZARD,Pedro Aguirre Cerda,Alerta de tipo HAZARD reportada por world_gb2r7ci5,1,-70.668652,-33.489109
JAM,La Florida,Alerta de tipo JAM reportada por CarlosGontardo,1,-70.587588,-33.511321
HAZARD,San Joaquín,Alerta de tipo HAZARD reportada por world_bj9oxfpt,3,-70.631212,-33.506103
POLICE,Ñuñoa,Alerta de tipo POLICE reportada por N/A,1,-70.601733,-33.461633
HAZARD,Maipú,Alerta de tipo HAZARD reportada por lycanfMd,1,-70.786208,-33.52087
POLICE,Maipú,Alerta de tipo POLICE reportada por world_1tzff8hq,0,-70.736654,-33.5201
HAZARD,N/A,Alerta de tipo HAZARD reportada por world_vyok4lio,0,-70.736369,-33.516559
HAZARD,Maipú,Alerta de tipo HAZARD reportada por N/A,1,-70.782555,-33.52116
JAM,N/A,Alerta de tipo JAM reportada por N/A,2,-70.74758,-33.52235
HAZARD,Maipú,Alerta de tipo HAZARD reportada por N/A,0,-70.770802,-33.516154
ACCIDENT,Maipú,Alerta de tipo ACCIDENT reportada por N/A,2,-70.73816,-33.519553
HAZARD,Maipú,Alerta de tipo HAZARD reportada por N/A,1,-70.782585,-33.520242
HAZARD,Lo Espejo,Alerta de tipo HAZARD reportada por N/A,1,-70.702066,-33.520978
HAZARD,Maipú,Alerta de tipo HAZARD reportada por lycanfMd,1,-70.782579,-33.519956
HAZARD,Maipú,Alerta de tipo HAZARD reportada por N/A,1,-70.782585,-33.520546
ACCIDENT,Maipú,Alerta de tipo ACCIDENT reportada por N/A,2,-70.736253,-33.520252
HAZARD,Maipú,Alerta de tipo HAZARD reportada por lycanfMd,1,-70.782538,-33.518208
POLICE,Maipú,Alerta de tipo POLICE reportada por N/A,3,-70.736797,-33.520047
CHIT_CHAT,Santiago,Alerta de tipo CHIT_CHAT reportada por anonimo12h,2,-70.663988,-33.457687
HAZARD,Pedro Aguirre Cerda,Alerta de tipo HAZARD reportada por N/A,0,-70.668323,-33.477471
JAM,San Joaquín,Alerta de tipo JAM reportada por N/A,0,-70.632615,-33.516592
CHIT_CHAT,La Cisterna,Alerta de tipo CHIT_CHAT reportada por world_w4axtybo,2,-70.647392,-33.516807
HAZARD,La Cisterna,Alerta de tipo HAZARD reportada por N/A,1,-70.652289,-33.519668
HAZARD,La Cisterna,Alerta de tipo HAZARD reportada por N/A,5,-70.654765,-33.5246
JAM,La Granja,Alerta de tipo JAM reportada por nikorz,4,-70.623662,-33.519415
HAZARD,La Florida,Alerta de tipo HAZARD reportada por N/A,1,-70.578323,-33.522543
JAM,La Florida,Alerta de tipo JAM reportada por world_hyr7hj4t,2,-70.579022,-33.522562
POLICE,La Florida,Alerta de tipo POLICE reportada por LudWeed_,0,-70.594017,-33.517985
JAM,La Florida,Alerta de tipo JAM reportada por world_o0houxft,1,-70.577587,-33.52548
HAZARD,La Florida,Alerta de tipo HAZARD reportada por world_bj9oxfpt,3,-70.576465,-33.515468
JAM,La Florida,Alerta de tipo JAM reportada por MCarolFernandez,3,-70.591404,-33.51506
JAM,La Florida,Alerta de tipo JAM reportada por world_hyr7hj4t,2,-70.580966,-33.522619
JAM,La Florida,Alerta de tipo JAM reportada por N/A,1,-70.581101,-33.52262
HAZARD,La Florida,Alerta de tipo HAZARD reportada por worldweb_51aa9vlo,3,-70.548984,-33.522373
CHIT_CHAT,Santiago,Alerta de tipo CHIT_CHAT reportada por world_2ujtfc9k,0,-70.662483,-33.458455
HAZARD,La Florida,Alerta de tipo HAZARD reportada por world_bj9oxfpt,3,-70.574125,-33.516888
JAM,Peñalolén,Alerta de tipo JAM reportada por Bolco92,2,-70.554911,-33.492134
JAM,Peñalolén,Alerta de tipo JAM reportada por N/A,4,-70.554974,-33.491945
HAZARD,Maipú,Alerta de tipo HAZARD reportada por N/A,5,-70.773837,-33.52883
HAZARD,Maipú,Alerta de tipo HAZARD reportada por N/A,5,-70.770488,-33.535787
JAM,N/A,Alerta de tipo JAM reportada por solid651,3,-70.761859,-33.53071
JAM,N/A,Alerta de tipo JAM reportada por N/A,0,-70.732043,-33.530759
HAZARD,Maipú,Alerta de tipo HAZARD reportada por N/A,5,-70.761601,-33.527774
HAZARD,N/A,Alerta de tipo HAZARD reportada por world_vyok4lio,0,-70.758046,-33.528273
HAZARD,Maipú,Alerta de tipo HAZARD reportada por N/A,5,-70.761756,-33.527745
HAZARD,N/A,Alerta de tipo HAZARD reportada por N/A,0,-70.799126,-33.527436
POLICE,N/A,Alerta de tipo POLICE reportada por solid651,3,-70.764693,-33.532631
JAM,N/A,Alerta de tipo JAM reportada por solid651,3,-70.764622,-33.532584
ROAD_CLOSED,Maipú,Alerta de tipo ROAD_CLOSED reportada por N/A,2,-70.796387,-33.527371
HAZARD,N/A,Alerta de tipo HAZARD reportada por TopCatCL,2,-70.693807,-33.52639
HAZARD,Lo Espejo,Alerta de tipo HAZARD reportada por N/A,0,-70.704557,-33.532206
HAZARD,La Cisterna,Alerta de tipo HAZARD reportada por world_gb2r7ci5,1,-70.66215,-33.536174
HAZARD,N/A,Alerta de tipo HAZARD reportada por world_5z3wjmfs,3,-70.682645,-33.531157
POLICE,Lo Espejo,Alerta de tipo POLICE reportada por N/A,0,-70.685625,-33.530301
ACCIDENT,N/A,Alerta de tipo ACCIDENT reportada por world_8tjmyy70,0,-70.682537,-33.531155
HAZARD,La Florida,Alerta de tipo HAZARD reportada por N/A,0,-70.588366,-33.527529
POLICE,La Florida,Alerta de tipo POLICE reportada por N/A,0,-70.555673,-33.535604
POLICE,La Florida,Alerta de tipo POLICE reportada por NYBermudez,3,-70.545552,-33.535494
JAM,Macul,Alerta de tipo JAM reportada por PaoloEwert,4,-70.599266,-33.482292
HAZARD,Maipú,Alerta de tipo HAZARD reportada por elecubo,5,-70.76882,-33.541939
JAM,N/A,Alerta de tipo JAM reportada por N/A,2,-70.746735,-33.547745
JAM,Maipú,Alerta de tipo JAM reportada por N/A,1,-70.790226,-33.547745
HAZARD,San Bernardo,Alerta de tipo HAZARD reportada por zweidy,2,-70.715965,-33.542738
JAM,N/A,Alerta de tipo JAM reportada por ComePerrito,3,-70.737613,-33.537446
ROAD_CLOSED,La Cisterna,Alerta de tipo ROAD_CLOSED reportada por rcapz,5,-70.680125,-33.538241
ROAD_CLOSED,La Cisterna,Alerta de tipo ROAD_CLOSED reportada por kan0n1,5,-70.664578,-33.538878
HAZARD,El Bosque,Alerta de tipo HAZARD reportada por world_ft7kr2vj,1,-70.68126,-33.544748
HAZARD,Lo Espejo,Alerta de tipo HAZARD reportada por LuisLoloElgueta,3,-70.687056,-33.538581
ROAD_CLOSED,La Cisterna,Alerta de tipo ROAD_CLOSED reportada por Gasparfox,5,-70.667899,-33.545833
ROAD_CLOSED,La Cisterna,Alerta de tipo ROAD_CLOSED reportada por kan0n1,5,-70.663019,-33.539187
JAM,La Florida,Alerta de tipo JAM reportada por world_w0ams0hv,2,-70.588959,-33.544621
POLICE,La Florida,Alerta de tipo POLICE reportada por N/A,2,-70.592454,-33.539518
ROAD_CLOSED,La Florida,Alerta de tipo ROAD_CLOSED reportada por N/A,3,-70.580491,-33.543557
JAM,La Florida,Alerta de tipo JAM reportada por world_w0ams0hv,2,-70.588691,-33.545231
POLICE,La Florida,Alerta de tipo POLICE reportada por N/A,2,-70.592013,-33.539538
POLICE,La Florida,Alerta de tipo POLICE reportada por N/A,2,-70.587075,-33.539687
ACCIDENT,La Florida,Alerta de tipo ACCIDENT reportada por N/A,2,-70.59246,-33.539518
JAM,La Florida,Alerta de tipo JAM reportada por franmigoto23,5,-70.586876,-33.543791
JAM,La Florida,Alerta de tipo JAM reportada por world_w0ams0hv,2,-70.589168,-33.544148
POLICE,La Florida,Alerta de tipo POLICE reportada por N/A,3,-70.602043,-33.53922
JAM,La Florida,Alerta de tipo JAM reportada por JLeiva1197,4,-70.603634,-33.546007
JAM,La Florida,Alerta de tipo JAM reportada por el-raco,0,-70.569417,-33.545107
HAZARD,La Florida,Alerta de tipo HAZARD reportada por N/A,0,-70.551928,-33.544317
CHIT_CHAT,Peñalolén,Alerta de tipo CHIT_CHAT reportada por aPedroChile2022,3,-70.541713,-33.472064
HAZARD,Maipú,Alerta de tipo HAZARD reportada por N/A,1,-70.78963,-33.548191
HAZARD,Maipú,Alerta de tipo HAZARD reportada por CrislitroAngel,3,-70.761375,-33.548659
HAZARD,N/A,Alerta de tipo HAZARD reportada por world_vyok4lio,0,-70.800065,-33.557327
HAZARD,San Bernardo,Alerta de tipo HAZARD reportada por manolo1285,2,-70.695872,-33.557723
HAZARD,N/A,Alerta de tipo HAZARD reportada por world_vyok4lio,0,-70.797835,-33.555599
JAM,N/A,Alerta de tipo JAM reportada por janox36,2,-70.750167,-33.551592
JAM,N/A,Alerta de tipo JAM reportada por paabloi91,2,-70.817361,-33.554405
HAZARD,El Bosque,Alerta de tipo HAZARD reportada por cibergrone,5,-70.67647,-33.557619
JAM,N/A,Alerta de tipo JAM reportada por N/A,0,-70.749581,-33.550941
JAM,El Bosque,Alerta de tipo JAM reportada por world_u5ygttii,0,-70.67328,-33.552494
HAZARD,El Bosque,Alerta de tipo HAZARD reportada por LuisLoloElgueta,3,-70.65767,-33.553899
HAZARD,El Bosque,Alerta de tipo HAZARD reportada por N/A,0,-70.65711,-33.552797
HAZARD,San Ramón,Alerta de tipo HAZARD reportada por N/A,4,-70.631389,-33.558081
HAZARD,La Pintana,Alerta de tipo HAZARD reportada por LuisLoloElgueta,3,-70.617885,-33.556946
JAM,La Florida,Alerta de tipo JAM reportada por N/A,3,-70.58903,-33.550234
JAM,La Florida,Alerta de tipo JAM reportada por N/A,3,-70.565018,-33.551723
CHIT_CHAT,La Florida,Alerta de tipo CHIT_CHAT reportada por world_y45qtmqg,3,-70.564353,-33.552357
HAZARD,Santa Rosa de Chena,Alerta de tipo HAZARD reportada por N/A,0,-70.797686,-33.563959
HAZARD,La Pintana,Alerta de tipo HAZARD reportada por N/A,0,-70.656999,-33.563203
ACCIDENT,Puente Alto,Alerta de tipo ACCIDENT reportada por alejandrothc,4,-70.555245,-33.563136
JAM,La Florida,Alerta de tipo JAM reportada por N/A,1,-70.557658,-33.560533
JAM,La Florida,Alerta de tipo JAM reportada por larularuHappy,3,-70.575556,-33.561122
HAZARD,La Florida,Alerta de tipo HAZARD reportada por worldweb_51aa9vlo,3,-70.553131,-33.533946
HAZARD,El Bosque,Alerta de tipo HAZARD reportada por PatricioAhumada,3,-70.691638,-33.575495
HAZARD,San Bernardo,Alerta de tipo HAZARD reportada por world_8ckmmfgf,1,-70.73059,-33.571786
ACCIDENT,N/A,Alerta de tipo ACCIDENT reportada por N/A,0,-70.76753,-33.572056
POLICE,La Cisterna,Alerta de tipo POLICE reportada por N/A,0,-70.663448,-33.534269
POLICE,La Pintana,Alerta de tipo POLICE reportada por N/A,0,-70.65763,-33.574163
HAZARD,Puente Alto,Alerta de tipo HAZARD reportada por N/A,3,-70.610521,-33.580563
HAZARD,Puente Alto,Alerta de tipo HAZARD reportada por N/A,4,-70.602425,-33.57311
HAZARD,Puente Alto,Alerta de tipo HAZARD reportada por JucaruSpeedy,3,-70.59833,-33.578469
JAM,Puente Alto,Alerta de tipo JAM reportada por Fenixd05,2,-70.57967,-33.575711
HAZARD,Puente Alto,Alerta de tipo HAZARD reportada por N/A,1,-70.584501,-33.57966
JAM,Puente Alto,Alerta de tipo JAM reportada por CesarRiosMorales,3,-70.580365,-33.574956
JAM,Puente Alto,Alerta de tipo JAM reportada por world_qt0k1zag,0,-70.564937,-33.575411
HAZARD,Puente Alto,Alerta de tipo HAZARD reportada por bstmnttm,2,-70.571982,-33.573769
JAM,Puente Alto,Alerta de tipo JAM reportada por el-raco,3,-70.565443,-33.573838
POLICE,La Florida,Alerta de tipo POLICE reportada por worldweb_51aa9vlo,3,-70.553115,-33.534381
JAM,Puente Alto,Alerta de tipo JAM reportada por basttyan,4,-70.553602,-33.570763
POLICE,N/A,Alerta de tipo POLICE reportada por N/A,4,-70.600204,-33.524164
HAZARD,San Bernardo,Alerta de tipo HAZARD reportada por world_9e38tq8k,1,-70.714752,-33.585423
POLICE,Padre Hurtado,Alerta de tipo POLICE reportada por N/A,1,-70.812547,-33.584768
HAZARD,San Bernardo,Alerta de tipo HAZARD reportada por N/A,1,-70.715386,-33.588731
HAZARD,La Pintana,Alerta de tipo HAZARD reportada por world_nejclo16,1,-70.644294,-33.587053
CHIT_CHAT,N/A,Alerta de tipo CHIT_CHAT reportada por BlackDogRolo,2,-70.610347,-33.585494
JAM,N/A,Alerta de tipo JAM reportada por RaulTobar15,3,-70.608559,-33.590197
HAZARD,N/A,Alerta de tipo HAZARD reportada por N/A,0,-70.609334,-33.587822
JAM,N/A,Alerta de tipo JAM reportada por N/A,3,-70.61022,-33.58599
HAZARD,La Pintana,Alerta de tipo HAZARD reportada por world_upcvcxj6,2,-70.615196,-33.583885
POLICE,La Pintana,Alerta de tipo POLICE reportada por N/A,3,-70.618961,-33.590552
HAZARD,Puente Alto,Alerta de tipo HAZARD reportada por N/A,3,-70.604194,-33.582293
JAM,N/A,Alerta de tipo JAM reportada por N/A,1,-70.610223,-33.585905
JAM,La Pintana,Alerta de tipo JAM reportada por world_22sl1jti,1,-70.611318,-33.582116
HAZARD,Puente Alto,Alerta de tipo HAZARD reportada por world_9pm0ixco,3,-70.598365,-33.583683
HAZARD,Puente Alto,Alerta de tipo HAZARD reportada por world_1ll7mhqw,3,-70.566263,-33.588493
ACCIDENT,Puente Alto,Alerta de tipo ACCIDENT reportada por N/A,1,-70.564186,-33.585342
HAZARD,Puente Alto,Alerta de tipo HAZARD reportada por N/A,1,-70.573952,-33.585925
JAM,La Florida,Alerta de tipo JAM reportada por world_skqlj0u5,2,-70.584159,-33.568083
JAM,La Florida,Alerta de tipo JAM reportada por N/A,3,-70.588145,-33.550213
HAZARD,San Bernardo,Alerta de tipo HAZARD reportada por N/A,0,-70.713132,-33.592797
HAZARD,San Bernardo,Alerta de tipo HAZARD reportada por N/A,2,-70.68574,-33.594376
JAM,San Bernardo,Alerta de tipo JAM reportada por AlvaroBastianDuarte,2,-70.686248,-33.602956
HAZARD,La Pintana,Alerta de tipo HAZARD reportada por world_v1qxfznk,1,-70.641859,-33.598983
HAZARD,N/A,Alerta de tipo HAZARD reportada por N/A,0,-70.605572,-33.601348
JAM,Puente Alto,Alerta de tipo JAM reportada por N/A,2,-70.574798,-33.600567
POLICE,Puente Alto,Alerta de tipo POLICE reportada por N/A,0,-70.572551,-33.597151
JAM,San Bernardo,Alerta de tipo JAM reportada por BenyaminDidier,1,-70.709621,-33.605943
ROAD_CLOSED,"Malloco, Peñaflor",Alerta de tipo ROAD_CLOSED reportada por ClaudioPetit,5,-70.875833,-33.613657
HAZARD,San Bernardo,Alerta de tipo HAZARD reportada por N/A,2,-70.703724,-33.613638
ROAD_CLOSED,San Bernardo,Alerta de tipo ROAD_CLOSED reportada por AngryDragonX,5,-70.703411,-33.610712
JAM,San Bernardo,Alerta de tipo JAM reportada por AlvaroBastianDuarte,2,-70.685562,-33.603326
HAZARD,San Bernardo,Alerta de tipo HAZARD reportada por N/A,2,-70.682027,-33.603208
POLICE,Puente Alto,Alerta de tipo POLICE reportada por world_h0gtl3fr,0,-70.592668,-33.605268
HAZARD,Puente Alto,Alerta de tipo HAZARD reportada por world_lebnfcdl,2,-70.58481,-33.607983
ROAD_CLOSED,N/A,Alerta de tipo ROAD_CLOSED reportada por ClaudioPetit,5,-70.859475,-33.621131
ROAD_CLOSED,"Malloco, Peñaflor",Alerta de tipo ROAD_CLOSED reportada por ClaudioPetit,5,-70.876047,-33.614422
ROAD_CLOSED,"Malloco, Peñaflor",Alerta de tipo ROAD_CLOSED reportada por ClaudioPetit,5,-70.876384,-33.615636
ROAD_CLOSED,"Malloco, Peñaflor",Alerta de tipo ROAD_CLOSED reportada por ClaudioPetit,5,-70.876263,-33.615202
HAZARD,San Bernardo,Alerta de tipo HAZARD reportada por N/A,0,-70.691457,-33.617971
ROAD_CLOSED,"Malloco, Peñaflor",Alerta de tipo ROAD_CLOSED reportada por ClaudioPetit,5,-70.876663,-33.616679
ROAD_CLOSED,"Malloco, Peñaflor",Alerta de tipo ROAD_CLOSED reportada por ClaudioPetit,5,-70.876796,-33.617153
ROAD_CLOSED,"Malloco, Peñaflor",Alerta de tipo ROAD_CLOSED reportada por ClaudioPetit,5,-70.877062,-33.618167
ROAD_CLOSED,"Malloco, Peñaflor",Alerta de tipo ROAD_CLOSED reportada por ClaudioPetit,5,-70.875204,-33.616932
ROAD_CLOSED,"Malloco, Peñaflor",Alerta de tipo ROAD_CLOSED reportada por ClaudioPetit,5,-70.876047,-33.614422
ROAD_CLOSED,"Malloco, Peñaflor",Alerta de tipo ROAD_CLOSED reportada por ClaudioPetit,5,-70.876384,-33.615636
ROAD_CLOSED,"Malloco, Peñaflor",Alerta de tipo ROAD_CLOSED reportada por ClaudioPetit,5,-70.87692,-33.617618
ROAD_CLOSED,"Malloco, Peñaflor",Alerta de tipo ROAD_CLOSED reportada por ClaudioPetit,5,-70.876499,-33.616095
ROAD_CLOSED,"Malloco, Peñaflor",Alerta de tipo ROAD_CLOSED reportada por ClaudioPetit,5,-70.876155,-33.614812
ROAD_CLOSED,"Malloco, Peñaflor",Alerta de tipo ROAD_CLOSED reportada por ClaudioPetit,5,-70.876663,-33.616679
ROAD_CLOSED,"Malloco, Peñaflor",Alerta de tipo ROAD_CLOSED reportada por ClaudioPetit,5,-70.875938,-33.614047
ROAD_CLOSED,"Malloco, Peñaflor",Alerta de tipo ROAD_CLOSED reportada por ClaudioPetit,5,-70.876155,-33.614812
ROAD_CLOSED,"Malloco, Peñaflor",Alerta de tipo ROAD_CLOSED reportada por ClaudioPetit,5,-70.87692,-33.617618
ROAD_CLOSED,"Malloco, Peñaflor",Alerta de tipo ROAD_CLOSED reportada por ClaudioPetit,5,-70.876796,-33.617153
HAZARD,San Bernardo,Alerta de tipo HAZARD reportada por world_dtp17tgy,3,-70.704347,-33.618366
ROAD_CLOSED,"Malloco, Peñaflor",Alerta de tipo ROAD_CLOSED reportada por ClaudioPetit,5,-70.876499,-33.616095
ROAD_CLOSED,"Malloco, Peñaflor",Alerta de tipo ROAD_CLOSED reportada por ClaudioPetit,5,-70.875938,-33.614047
ROAD_CLOSED,"Malloco, Peñaflor",Alerta de tipo ROAD_CLOSED reportada por ClaudioPetit,5,-70.875809,-33.616829
ROAD_CLOSED,"Malloco, Peñaflor",Alerta de tipo ROAD_CLOSED reportada por ClaudioPetit,5,-70.876263,-33.615202
JAM,Puente Alto,Alerta de tipo JAM reportada por AlisReys93,2,-70.598125,-33.619848
JAM,Puente Alto,Alerta de tipo JAM reportada por samuel1982fuen,3,-70.598546,-33.615216
ACCIDENT,Calera de Tango,Alerta de tipo ACCIDENT reportada por N/A,5,-70.769763,-33.62762
POLICE,N/A,Alerta de tipo POLICE reportada por N/A,0,-70.804068,-33.628753
HAZARD,Calera de Tango,Alerta de tipo HAZARD reportada por N/A,0,-70.758513,-33.631013
ACCIDENT,Calera de Tango,Alerta de tipo ACCIDENT reportada por N/A,0,-70.804455,-33.629479
POLICE,N/A,Alerta de tipo POLICE reportada por world_c06pff4o,2,-70.803533,-33.628219
HAZARD,San Bernardo,Alerta de tipo HAZARD reportada por N/A,3,-70.705125,-33.632369
POLICE,Puente Alto,Alerta de tipo POLICE reportada por N/A,0,-70.588094,-33.630991
HAZARD,Pirque,Alerta de tipo HAZARD reportada por N/A,2,-70.573411,-33.633997
HAZARD,Pirque,Alerta de tipo HAZARD reportada por N/A,0,-70.550968,-33.627913
